{
  "variant": "hier_noalpha",
  "model": "model_hier_noalpha",
  "steps": 40000,
  "final_elbo": -682864.25,
  "best_elbo": -677585.75,
  "N_obs": 222023,
  "N_hh": 15644,
  "timestamp": "2026-03-19T21:27:00.741519",
  "rho_med": 1.2712271213531494,
  "gamma_med": 26.96792221069336,
  "beta_mean": 0.13883313536643982
}