{
  "variant": "hier",
  "model": "model_hier",
  "steps": 40000,
  "final_elbo": -670156.25,
  "best_elbo": -665128.8125,
  "N_obs": 222023,
  "N_hh": 15644,
  "timestamp": "2026-03-19T21:20:05.648408",
  "rho_med": 0.8153040409088135,
  "alpha_med": -2.9715309143066406,
  "gamma_med": 0.3547251224517822,
  "beta_mean": 0.13707177340984344
}