{
  "variant": "main",
  "model": "model_main",
  "steps": 40000,
  "final_elbo": -671106.6875,
  "best_elbo": -666556.375,
  "N_obs": 222023,
  "N_hh": 15644,
  "timestamp": "2026-03-19T20:36:58.753177",
  "rho_med": 0.6959322690963745,
  "alpha_med": -1.4710556268692017,
  "gamma_med": 1.1840910911560059,
  "beta_mean": 0.1356026977300644
}