{
  "variant": "noalpha",
  "model": "model_main_noalpha",
  "steps": 40000,
  "final_elbo": -682027.25,
  "best_elbo": -676591.375,
  "N_obs": 222023,
  "N_hh": 15644,
  "timestamp": "2026-03-19T20:45:06.848920",
  "rho_med": 0.9129330515861511,
  "gamma_med": 19.026880264282227,
  "beta_mean": 0.13590304553508759
}