{
  "variant": "R2",
  "model": "model_R2",
  "steps": 40000,
  "final_elbo": -2061734.625,
  "best_elbo": -1848045.0,
  "N_obs": 222023,
  "N_hh": 15644,
  "timestamp": "2026-03-19T21:36:26.382630",
  "gamma_med": 0.5185120105743408,
  "beta_mean": 0.1353752762079239
}