climate,policy,country,metric,median,hpdi_lo,hpdi_hi,n_draws,share_finite
baseline,both,Ethiopia,ce_rho1.5,41.98556709289551,41.806373596191406,42.140079498291016,200.0,1.0
baseline,both,Ethiopia,ce_rho2.5,31.930591583251953,31.777965545654297,32.0655632019043,200.0,1.0
baseline,both,Ethiopia,ce_rho3.5,25.49913787841797,25.38931655883789,25.634170532226562,200.0,1.0
baseline,both,Ethiopia,cost,0.9719924926757812,0.9719924926757812,0.9719924926757812,200.0,1.0
baseline,both,Ethiopia,cost_behav,1.9989550709724426,1.9912134408950806,2.006938934326172,200.0,1.0
baseline,both,Ethiopia,cv_log,1.2135944962501526,1.131596565246582,1.2631571292877197,200.0,1.0
baseline,both,Ethiopia,cv_pct,2.3655606508255005,2.100602865219116,2.536569356918335,200.0,1.0
baseline,both,Ethiopia,exp_income,62.40273094177246,62.21739196777344,62.60796356201172,200.0,1.0
baseline,both,Ethiopia,exp_median,49.61652183532715,49.42208480834961,49.79502868652344,200.0,1.0
baseline,both,Ethiopia,exp_shortfall,0.0,0.0,0.0,200.0,1.0
baseline,both,Ethiopia,logsum,2.0392496585845947,1.9679478406906128,2.1103506088256836,200.0,1.0
baseline,both,Ethiopia,p_below_theta,0.0,0.0,0.0,200.0,1.0
baseline,both,Ethiopia,payout,0.7879226803779602,0.7879226803779602,0.7879226803779602,200.0,1.0
baseline,both,Ethiopia,premium,0.9455072283744812,0.9455072283744812,0.9455072283744812,200.0,1.0
baseline,both,Ethiopia,switch_share,0.12184229493141174,0.12035604566335678,0.12382582575082779,200.0,1.0
baseline,both,Malawi,ce_rho1.5,35.97126579284668,35.721370697021484,36.25119400024414,200.0,1.0
baseline,both,Malawi,ce_rho2.5,26.47628688812256,26.226160049438477,26.73294448852539,200.0,1.0
baseline,both,Malawi,ce_rho3.5,20.369312286376953,20.119245529174805,20.594663619995117,200.0,1.0
baseline,both,Malawi,cost,0.6423821449279785,0.6423821449279785,0.6423821449279785,200.0,1.0
baseline,both,Malawi,cost_behav,1.1677290201187134,1.1587376594543457,1.175246000289917,200.0,1.0
baseline,both,Malawi,cv_log,,,,200.0,0.0
baseline,both,Malawi,cv_pct,,,,200.0,0.0
baseline,both,Malawi,exp_income,57.228445053100586,57.028114318847656,57.45165252685547,200.0,1.0
baseline,both,Malawi,exp_median,42.89359664916992,42.65035629272461,43.17447280883789,200.0,1.0
baseline,both,Malawi,exp_shortfall,0.0,0.0,0.0,200.0,1.0
baseline,both,Malawi,logsum,-3.7217525243759155,-4.091621398925781,-3.3658456802368164,200.0,1.0
baseline,both,Malawi,p_below_theta,0.0,0.0,0.0,200.0,1.0
baseline,both,Malawi,payout,0.6102405190467834,0.6102405190467834,0.6102405190467834,200.0,1.0
baseline,both,Malawi,premium,0.732288658618927,0.732288658618927,0.732288658618927,200.0,1.0
baseline,both,Malawi,switch_share,0.05897049978375435,0.05467623472213745,0.063292495906353,200.0,1.0
baseline,both,Mali,ce_rho1.5,195.02125549316406,194.20779418945312,196.08181762695312,200.0,1.0
baseline,both,Mali,ce_rho2.5,161.47321319580078,160.76731872558594,162.41184997558594,200.0,1.0
baseline,both,Mali,ce_rho3.5,135.9073028564453,135.05116271972656,136.67982482910156,200.0,1.0
baseline,both,Mali,cost,3.9380764961242676,3.9380764961242676,3.9380764961242676,200.0,1.0
baseline,both,Mali,cost_behav,8.937564373016357,8.881505966186523,8.998531341552734,200.0,1.0
baseline,both,Mali,cv_log,0.8063443005084991,0.7575044631958008,0.8628619909286499,200.0,1.0
baseline,both,Mali,cv_pct,1.2397053241729736,1.1329467296600342,1.3699337244033813,200.0,1.0
baseline,both,Mali,exp_income,242.2588882446289,241.3440399169922,243.14454650878906,200.0,1.0
baseline,both,Mali,exp_median,215.86692810058594,214.9694366455078,216.98468017578125,200.0,1.0
baseline,both,Mali,exp_shortfall,0.0,0.0,0.0,200.0,1.0
baseline,both,Mali,logsum,5.619884729385376,5.204744338989258,5.8876800537109375,200.0,1.0
baseline,both,Mali,p_below_theta,0.0,0.0,0.0,200.0,1.0
baseline,both,Mali,payout,3.964319944381714,3.964319944381714,3.964319944381714,200.0,1.0
baseline,both,Mali,premium,4.757184028625488,4.757184028625488,4.757184028625488,200.0,1.0
baseline,both,Mali,switch_share,0.13089009374380112,0.12736836075782776,0.13467100262641907,200.0,1.0
baseline,both,Nigeria,ce_rho1.5,123.14079666137695,122.97285461425781,123.35478973388672,200.0,1.0
baseline,both,Nigeria,ce_rho2.5,89.0634994506836,88.87530517578125,89.22093963623047,200.0,1.0
baseline,both,Nigeria,ce_rho3.5,66.92020034790039,66.76580047607422,67.08999633789062,200.0,1.0
baseline,both,Nigeria,cost,4.022350311279297,4.022350311279297,4.022350311279297,200.0,1.0
baseline,both,Nigeria,cost_behav,8.436851024627686,8.413376808166504,8.459479331970215,200.0,1.0
baseline,both,Nigeria,cv_log,0.7254335284233093,0.6983784437179565,0.7493343949317932,200.0,1.0
baseline,both,Nigeria,cv_pct,1.0656264424324036,1.0104899406433105,1.1155914068222046,200.0,1.0
baseline,both,Nigeria,exp_income,190.66962432861328,190.36972045898438,190.95358276367188,200.0,1.0
baseline,both,Nigeria,exp_median,147.16472625732422,146.9263458251953,147.3730010986328,200.0,1.0
baseline,both,Nigeria,exp_shortfall,0.0,0.0,0.0,200.0,1.0
baseline,both,Nigeria,logsum,6.629120826721191,6.411665439605713,6.832077503204346,200.0,1.0
baseline,both,Nigeria,p_below_theta,0.0,0.0,0.0,200.0,1.0
baseline,both,Nigeria,payout,3.570582389831543,3.570582389831543,3.570582389831543,200.0,1.0
baseline,both,Nigeria,premium,4.284698963165283,4.284698963165283,4.284698963165283,200.0,1.0
baseline,both,Nigeria,switch_share,0.15018948167562485,0.1479816436767578,0.1527967005968094,200.0,1.0
baseline,both,Tanzania,ce_rho1.5,33.16739845275879,32.92062759399414,33.4067497253418,200.0,1.0
baseline,both,Tanzania,ce_rho2.5,20.723665237426758,20.52303695678711,20.98578643798828,200.0,1.0
baseline,both,Tanzania,ce_rho3.5,13.96457052230835,13.760729789733887,14.181772232055664,200.0,1.0
baseline,both,Tanzania,cost,0.6917673349380493,0.6917673349380493,0.6917673349380493,200.0,1.0
baseline,both,Tanzania,cost_behav,1.3252859711647034,1.3191449642181396,1.331462025642395,200.0,1.0
baseline,both,Tanzania,cv_log,7.514345645904541,1.0995025634765625,28.41436195373535,200.0,0.065
baseline,both,Tanzania,cv_pct,1833.1668701171875,2.002671957015991,2188772376576.0,200.0,0.065
baseline,both,Tanzania,exp_income,70.44376373291016,70.2174301147461,70.70484161376953,200.0,1.0
baseline,both,Tanzania,exp_median,43.45903396606445,43.22161865234375,43.71989440917969,200.0,1.0
baseline,both,Tanzania,exp_shortfall,0.0,0.0,0.0,200.0,1.0
baseline,both,Tanzania,logsum,-4.0246100425720215,-4.520101547241211,-3.58610463142395,200.0,1.0
baseline,both,Tanzania,p_below_theta,0.0,0.0,0.0,200.0,1.0
baseline,both,Tanzania,payout,0.7220874428749084,0.7220874428749084,0.7220874428749084,200.0,1.0
baseline,both,Tanzania,premium,0.866504967212677,0.866504967212677,0.866504967212677,200.0,1.0
baseline,both,Tanzania,switch_share,0.09856018796563148,0.09526990354061127,0.1015777736902237,200.0,1.0
baseline,both,Uganda,ce_rho1.5,25.91628646850586,25.883764266967773,25.94913673400879,200.0,1.0
baseline,both,Uganda,ce_rho2.5,16.63908100128174,16.612716674804688,16.66024398803711,200.0,1.0
baseline,both,Uganda,ce_rho3.5,11.379981517791748,11.361252784729004,11.398801803588867,200.0,1.0
baseline,both,Uganda,cost,2.1309547424316406,2.1309547424316406,2.1309547424316406,200.0,1.0
baseline,both,Uganda,cost_behav,3.2130781412124634,3.2111778259277344,3.2152702808380127,200.0,1.0
baseline,both,Uganda,cv_log,1.2866589426994324,1.2264851331710815,1.3295228481292725,200.0,1.0
baseline,both,Uganda,cv_pct,2.6206694841384888,2.4092254638671875,2.7792396545410156,200.0,1.0
baseline,both,Uganda,exp_income,47.51521873474121,47.45547103881836,47.562103271484375,200.0,1.0
baseline,both,Uganda,exp_median,33.18863868713379,33.146907806396484,33.23297119140625,200.0,1.0
baseline,both,Uganda,exp_shortfall,0.0,0.0,0.0,200.0,1.0
baseline,both,Uganda,logsum,1.796399474143982,1.612942099571228,1.9857884645462036,200.0,1.0
baseline,both,Uganda,p_below_theta,0.0,0.0,0.0,200.0,1.0
baseline,both,Uganda,payout,1.2343406677246094,1.2343406677246094,1.2343406677246094,200.0,1.0
baseline,both,Uganda,premium,1.4812088012695312,1.4812088012695312,1.4812088012695312,200.0,1.0
baseline,both,Uganda,switch_share,0.07317564263939857,0.07241731137037277,0.07426884770393372,200.0,1.0
baseline,contraction,Ethiopia,ce_rho1.5,50.512155532836914,50.25403594970703,50.73628616333008,200.0,1.0
baseline,contraction,Ethiopia,ce_rho2.5,46.829959869384766,46.582435607910156,47.04636764526367,200.0,1.0
baseline,contraction,Ethiopia,ce_rho3.5,43.706987380981445,43.46574020385742,43.91765594482422,200.0,1.0
baseline,contraction,Ethiopia,cost,0.0,0.0,0.0,200.0,1.0
baseline,contraction,Ethiopia,cost_behav,0.0,0.0,0.0,200.0,1.0
baseline,contraction,Ethiopia,cv_log,1.2959759831428528,1.1912845373153687,1.361314296722412,200.0,1.0
baseline,contraction,Ethiopia,cv_pct,2.654561758041382,2.291306257247925,2.9013173580169678,200.0,1.0
baseline,contraction,Ethiopia,exp_income,57.92888259887695,57.66725540161133,58.146488189697266,200.0,1.0
baseline,contraction,Ethiopia,exp_median,52.63725471496582,52.372154235839844,52.871490478515625,200.0,1.0
baseline,contraction,Ethiopia,exp_shortfall,0.6646518111228943,0.6613731384277344,0.6672530770301819,200.0,1.0
baseline,contraction,Ethiopia,logsum,2.073570966720581,2.0086848735809326,2.1434078216552734,200.0,1.0
baseline,contraction,Ethiopia,p_below_theta,0.22632237523794174,0.2256498783826828,0.22708813846111298,200.0,1.0
baseline,contraction,Ethiopia,payout,0.0,0.0,0.0,200.0,1.0
baseline,contraction,Ethiopia,premium,0.0,0.0,0.0,200.0,1.0
baseline,contraction,Ethiopia,switch_share,0.07531179487705231,0.07377012073993683,0.07678936421871185,200.0,1.0
baseline,contraction,Malawi,ce_rho1.5,41.078969955444336,40.79823303222656,41.34638977050781,200.0,1.0
baseline,contraction,Malawi,ce_rho2.5,37.055063247680664,36.765811920166016,37.31729507446289,200.0,1.0
baseline,contraction,Malawi,ce_rho3.5,33.76203155517578,33.47651290893555,34.02609634399414,200.0,1.0
baseline,contraction,Malawi,cost,0.0,0.0,0.0,200.0,1.0
baseline,contraction,Malawi,cost_behav,0.0,0.0,0.0,200.0,1.0
baseline,contraction,Malawi,cv_log,,,,200.0,0.0
baseline,contraction,Malawi,cv_pct,,,,200.0,0.0
baseline,contraction,Malawi,exp_income,50.24404525756836,50.00491714477539,50.48594284057617,200.0,1.0
baseline,contraction,Malawi,exp_median,43.440019607543945,43.17982482910156,43.72333526611328,200.0,1.0
baseline,contraction,Malawi,exp_shortfall,0.24516385048627853,0.242929145693779,0.24659855663776398,200.0,1.0
baseline,contraction,Malawi,logsum,-3.1400578022003174,-3.456019878387451,-2.806312084197998,200.0,1.0
baseline,contraction,Malawi,p_below_theta,0.12848862260580063,0.12774518132209778,0.12904420495033264,200.0,1.0
baseline,contraction,Malawi,payout,0.0,0.0,0.0,200.0,1.0
baseline,contraction,Malawi,premium,0.0,0.0,0.0,200.0,1.0
baseline,contraction,Malawi,switch_share,0.030873051844537258,0.028123151510953903,0.033237822353839874,200.0,1.0
baseline,contraction,Mali,ce_rho1.5,217.16385650634766,216.12376403808594,218.5056610107422,200.0,1.0
baseline,contraction,Mali,ce_rho2.5,205.4908447265625,204.49514770507812,206.83712768554688,200.0,1.0
baseline,contraction,Mali,ce_rho3.5,194.7930908203125,193.8255615234375,196.12789916992188,200.0,1.0
baseline,contraction,Mali,cost,0.0,0.0,0.0,200.0,1.0
baseline,contraction,Mali,cost_behav,0.0,0.0,0.0,200.0,1.0
baseline,contraction,Mali,cv_log,1.123831570148468,1.0482794046401978,1.2110595703125,200.0,1.0
baseline,contraction,Mali,cv_pct,2.0766202211380005,1.8527384996414185,2.3570396900177,200.0,1.0
baseline,contraction,Mali,exp_income,236.26656341552734,235.23977661132812,237.4550323486328,200.0,1.0
baseline,contraction,Mali,exp_median,223.4267120361328,222.40350341796875,224.77471923828125,200.0,1.0
baseline,contraction,Mali,exp_shortfall,2.0953770875930786,2.082921266555786,2.110631227493286,200.0,1.0
baseline,contraction,Mali,logsum,6.049712419509888,5.652490615844727,6.282055854797363,200.0,1.0
baseline,contraction,Mali,p_below_theta,0.133919857442379,0.13319915533065796,0.13477681577205658,200.0,1.0
baseline,contraction,Mali,payout,0.0,0.0,0.0,200.0,1.0
baseline,contraction,Mali,premium,0.0,0.0,0.0,200.0,1.0
baseline,contraction,Mali,switch_share,0.013379247859120369,0.011913466267287731,0.015438387170433998,200.0,1.0
baseline,contraction,Nigeria,ce_rho1.5,140.77674102783203,140.51171875,141.06336975097656,200.0,1.0
baseline,contraction,Nigeria,ce_rho2.5,127.50690460205078,127.25870513916016,127.77693939208984,200.0,1.0
baseline,contraction,Nigeria,ce_rho3.5,115.95521926879883,115.7086410522461,116.22380828857422,200.0,1.0
baseline,contraction,Nigeria,cost,0.0,0.0,0.0,200.0,1.0
baseline,contraction,Nigeria,cost_behav,0.0,0.0,0.0,200.0,1.0
baseline,contraction,Nigeria,cv_log,0.7471918761730194,0.7119340896606445,0.7851143479347229,200.0,1.0
baseline,contraction,Nigeria,cv_pct,1.111063539981842,1.0333514213562012,1.1877453327178955,200.0,1.0
baseline,contraction,Nigeria,exp_income,169.38957977294922,169.11795043945312,169.67189025878906,200.0,1.0
baseline,contraction,Nigeria,exp_median,148.19180297851562,147.89462280273438,148.4615478515625,200.0,1.0
baseline,contraction,Nigeria,exp_shortfall,2.77620792388916,2.7671802043914795,2.783949136734009,200.0,1.0
baseline,contraction,Nigeria,logsum,6.662612199783325,6.476412296295166,6.85515022277832,200.0,1.0
baseline,contraction,Nigeria,p_below_theta,0.18276720494031906,0.18234555423259735,0.18315626680850983,200.0,1.0
baseline,contraction,Nigeria,payout,0.0,0.0,0.0,200.0,1.0
baseline,contraction,Nigeria,premium,0.0,0.0,0.0,200.0,1.0
baseline,contraction,Nigeria,switch_share,0.0690670795738697,0.06639716029167175,0.07130330801010132,200.0,1.0
baseline,contraction,Tanzania,ce_rho1.5,42.44474220275879,42.14715576171875,42.781394958496094,200.0,1.0
baseline,contraction,Tanzania,ce_rho2.5,36.31705284118652,36.00873565673828,36.648380279541016,200.0,1.0
baseline,contraction,Tanzania,ce_rho3.5,31.469144821166992,31.137126922607422,31.77025032043457,200.0,1.0
baseline,contraction,Tanzania,cost,0.0,0.0,0.0,200.0,1.0
baseline,contraction,Tanzania,cost_behav,0.0,0.0,0.0,200.0,1.0
baseline,contraction,Tanzania,cv_log,81.64122009277344,11.820582389831543,304.1130676269531,200.0,0.065
baseline,contraction,Tanzania,cv_pct,2.8597718210765644e+35,136022.421875,inf,200.0,0.04
baseline,contraction,Tanzania,exp_income,58.38227081298828,58.09318161010742,58.66142654418945,200.0,1.0
baseline,contraction,Tanzania,exp_median,46.13199234008789,45.823848724365234,46.454105377197266,200.0,1.0
baseline,contraction,Tanzania,exp_shortfall,0.1342877298593521,0.13313113152980804,0.1355610340833664,200.0,1.0
baseline,contraction,Tanzania,logsum,-3.1626919507980347,-3.605267286300659,-2.7624082565307617,200.0,1.0
baseline,contraction,Tanzania,p_below_theta,0.07849489152431488,0.07797616720199585,0.0789446011185646,200.0,1.0
baseline,contraction,Tanzania,payout,0.0,0.0,0.0,200.0,1.0
baseline,contraction,Tanzania,premium,0.0,0.0,0.0,200.0,1.0
baseline,contraction,Tanzania,switch_share,0.10896280407905579,0.10563098639249802,0.11286409944295883,200.0,1.0
baseline,contraction,Uganda,ce_rho1.5,29.80166721343994,29.7409725189209,29.84726905822754,200.0,1.0
baseline,contraction,Uganda,ce_rho2.5,26.006610870361328,25.951967239379883,26.05527687072754,200.0,1.0
baseline,contraction,Uganda,ce_rho3.5,22.777008056640625,22.723451614379883,22.822830200195312,200.0,1.0
baseline,contraction,Uganda,cost,0.0,0.0,0.0,200.0,1.0
baseline,contraction,Uganda,cost_behav,0.0,0.0,0.0,200.0,1.0
baseline,contraction,Uganda,cv_log,1.19643634557724,1.1070339679718018,1.2746374607086182,200.0,1.0
baseline,contraction,Uganda,cv_pct,2.3083062171936035,2.018444061279297,2.5692451000213623,200.0,1.0
baseline,contraction,Uganda,exp_income,38.533477783203125,38.482147216796875,38.59848403930664,200.0,1.0
baseline,contraction,Uganda,exp_median,31.949363708496094,31.88864517211914,31.999404907226562,200.0,1.0
baseline,contraction,Uganda,exp_shortfall,1.7622356414794922,1.760720133781433,1.7632691860198975,200.0,1.0
baseline,contraction,Uganda,logsum,1.7146756649017334,1.5870975255966187,1.9132336378097534,200.0,1.0
baseline,contraction,Uganda,p_below_theta,0.2941248118877411,0.293914258480072,0.29433387517929077,200.0,1.0
baseline,contraction,Uganda,payout,0.0,0.0,0.0,200.0,1.0
baseline,contraction,Uganda,premium,0.0,0.0,0.0,200.0,1.0
baseline,contraction,Uganda,switch_share,0.08598485216498375,0.08421596884727478,0.08800416439771652,200.0,1.0
baseline,insurance,Ethiopia,ce_rho1.5,41.14444351196289,40.96076965332031,41.30910110473633,200.0,1.0
baseline,insurance,Ethiopia,ce_rho2.5,30.7991361618042,30.639755249023438,30.938013076782227,200.0,1.0
baseline,insurance,Ethiopia,ce_rho3.5,24.306361198425293,24.197519302368164,24.450098037719727,200.0,1.0
baseline,insurance,Ethiopia,cost,0.27160167694091797,0.27160167694091797,0.27160167694091797,200.0,1.0
baseline,insurance,Ethiopia,cost_behav,1.6342013478279114,1.6280635595321655,1.6407084465026855,200.0,1.0
baseline,insurance,Ethiopia,cv_log,0.7796978056430817,0.7179147005081177,0.8148317933082581,200.0,1.0
baseline,insurance,Ethiopia,cv_pct,1.1808131337165833,1.0501536130905151,1.2587957382202148,200.0,1.0
baseline,insurance,Ethiopia,exp_income,62.69841384887695,62.49126052856445,62.900856018066406,200.0,1.0
baseline,insurance,Ethiopia,exp_median,49.202653884887695,48.99723434448242,49.388668060302734,200.0,1.0
baseline,insurance,Ethiopia,exp_shortfall,0.05000925250351429,0.04974335804581642,0.050276827067136765,200.0,1.0
baseline,insurance,Ethiopia,logsum,1.8628031611442566,1.7931331396102905,1.9409886598587036,200.0,1.0
baseline,insurance,Ethiopia,p_below_theta,0.1793205738067627,0.17859993875026703,0.1800343096256256,200.0,1.0
baseline,insurance,Ethiopia,payout,1.3580083847045898,1.3580083847045898,1.3580083847045898,200.0,1.0
baseline,insurance,Ethiopia,premium,1.6296101808547974,1.6296101808547974,1.6296101808547974,200.0,1.0
baseline,insurance,Ethiopia,switch_share,0.10244308784604073,0.10108161717653275,0.10415740311145782,200.0,1.0
baseline,insurance,Malawi,ce_rho1.5,35.245975494384766,34.99642562866211,35.53451156616211,200.0,1.0
baseline,insurance,Malawi,ce_rho2.5,25.580158233642578,25.327869415283203,25.83969497680664,200.0,1.0
baseline,insurance,Malawi,ce_rho3.5,19.504493713378906,19.226774215698242,19.706174850463867,200.0,1.0
baseline,insurance,Malawi,cost,0.19489488005638123,0.19489488005638123,0.19489488005638123,200.0,1.0
baseline,insurance,Malawi,cost_behav,0.9970937967300415,0.9907309412956238,1.0030875205993652,200.0,1.0
baseline,insurance,Malawi,cv_log,,,,200.0,0.0
baseline,insurance,Malawi,cv_pct,,,,200.0,0.0
baseline,insurance,Malawi,exp_income,56.787174224853516,56.58069610595703,57.012901306152344,200.0,1.0
baseline,insurance,Malawi,exp_median,42.47215270996094,42.22171401977539,42.761016845703125,200.0,1.0
baseline,insurance,Malawi,exp_shortfall,0.003626263001933694,0.0036080938298255205,0.003657541936263442,200.0,1.0
baseline,insurance,Malawi,logsum,-3.8292508125305176,-4.209871768951416,-3.477098226547241,200.0,1.0
baseline,insurance,Malawi,p_below_theta,0.061744438484311104,0.06152941659092903,0.062123335897922516,200.0,1.0
baseline,insurance,Malawi,payout,0.9744743704795837,0.9744743704795837,0.9744743704795837,200.0,1.0
baseline,insurance,Malawi,premium,1.1693693399429321,1.1693693399429321,1.1693693399429321,200.0,1.0
baseline,insurance,Malawi,switch_share,0.04942355863749981,0.04586540162563324,0.05304175242781639,200.0,1.0
baseline,insurance,Mali,ce_rho1.5,192.32633209228516,191.5693359375,193.4754180908203,200.0,1.0
baseline,insurance,Mali,ce_rho2.5,157.81105041503906,157.0738067626953,158.7925262451172,200.0,1.0
baseline,insurance,Mali,ce_rho3.5,131.7172088623047,130.84129333496094,132.5100555419922,200.0,1.0
baseline,insurance,Mali,cost,1.2331937551498413,1.2331937551498413,1.2331937551498413,200.0,1.0
baseline,insurance,Mali,cost_behav,7.5132975578308105,7.472377777099609,7.566266059875488,200.0,1.0
baseline,insurance,Mali,cv_log,0.6110398173332214,0.571569561958313,0.6559002995491028,200.0,1.0
baseline,insurance,Mali,cv_pct,0.8423461019992828,0.7710446119308472,0.9268764853477478,200.0,1.0
baseline,insurance,Mali,exp_income,240.35134887695312,239.38427734375,241.2455291748047,200.0,1.0
baseline,insurance,Mali,exp_median,213.93767547607422,213.0371551513672,215.06378173828125,200.0,1.0
baseline,insurance,Mali,exp_shortfall,0.007621367694810033,0.007575922645628452,0.007669943384826183,200.0,1.0
baseline,insurance,Mali,logsum,5.356535196304321,4.935426235198975,5.635042190551758,200.0,1.0
baseline,insurance,Mali,p_below_theta,0.021053987555205822,0.020908772945404053,0.021181311458349228,200.0,1.0
baseline,insurance,Mali,payout,6.165968418121338,6.165968418121338,6.165968418121338,200.0,1.0
baseline,insurance,Mali,premium,7.399162292480469,7.399162292480469,7.399162292480469,200.0,1.0
baseline,insurance,Mali,switch_share,0.11195242404937744,0.10851984471082687,0.11500300467014313,200.0,1.0
baseline,insurance,Nigeria,ce_rho1.5,118.97119140625,118.78424835205078,119.18563079833984,200.0,1.0
baseline,insurance,Nigeria,ce_rho2.5,84.02352142333984,83.83311462402344,84.18840026855469,200.0,1.0
baseline,insurance,Nigeria,ce_rho3.5,61.77080535888672,61.615360260009766,61.945556640625,200.0,1.0
baseline,insurance,Nigeria,cost,1.1772692203521729,1.1772692203521729,1.1772692203521729,200.0,1.0
baseline,insurance,Nigeria,cost_behav,7.059335708618164,7.039401054382324,7.078887939453125,200.0,1.0
baseline,insurance,Nigeria,cv_log,0.5272547006607056,0.5062379837036133,0.5469764471054077,200.0,1.0
baseline,insurance,Nigeria,cv_pct,0.6942747235298157,0.6583820581436157,0.7273547053337097,200.0,1.0
baseline,insurance,Nigeria,exp_income,188.41842651367188,188.0961456298828,188.67843627929688,200.0,1.0
baseline,insurance,Nigeria,exp_median,144.07149505615234,143.83834838867188,144.29177856445312,200.0,1.0
baseline,insurance,Nigeria,exp_shortfall,0.05981237441301346,0.05961041897535324,0.06006767228245735,200.0,1.0
baseline,insurance,Nigeria,logsum,6.286762237548828,6.0683088302612305,6.490437030792236,200.0,1.0
baseline,insurance,Nigeria,p_below_theta,0.0840739868581295,0.08385661989450455,0.08433376252651215,200.0,1.0
baseline,insurance,Nigeria,payout,5.886345863342285,5.886345863342285,5.886345863342285,200.0,1.0
baseline,insurance,Nigeria,premium,7.063615322113037,7.063615322113037,7.063615322113037,200.0,1.0
baseline,insurance,Nigeria,switch_share,0.1331593096256256,0.13108927011489868,0.13565833866596222,200.0,1.0
baseline,insurance,Tanzania,ce_rho1.5,32.34775352478027,32.103153228759766,32.60299301147461,200.0,1.0
baseline,insurance,Tanzania,ce_rho2.5,19.66377544403076,19.45936393737793,19.93231201171875,200.0,1.0
baseline,insurance,Tanzania,ce_rho3.5,12.977609157562256,12.772246360778809,13.199420928955078,200.0,1.0
baseline,insurance,Tanzania,cost,0.22104644775390625,0.22104644775390625,0.22104644775390625,200.0,1.0
baseline,insurance,Tanzania,cost_behav,1.1383715867996216,1.1329820156097412,1.143046259880066,200.0,1.0
baseline,insurance,Tanzania,cv_log,-5.154323577880859,-13.968301773071289,-0.0368269681930542,200.0,0.065
baseline,insurance,Tanzania,cv_pct,-0.9942256212234497,-1.0,-0.5257315635681152,200.0,0.065
baseline,insurance,Tanzania,exp_income,70.21524429321289,69.98616790771484,70.47348022460938,200.0,1.0
baseline,insurance,Tanzania,exp_median,43.108957290649414,42.863868713378906,43.36946487426758,200.0,1.0
baseline,insurance,Tanzania,exp_shortfall,5.883726043975912e-05,5.842646714881994e-05,5.93378754274454e-05,200.0,1.0
baseline,insurance,Tanzania,logsum,-4.18025541305542,-4.684727668762207,-3.7228591442108154,200.0,1.0
baseline,insurance,Tanzania,p_below_theta,0.02090425230562687,0.020837191492319107,0.020991187542676926,200.0,1.0
baseline,insurance,Tanzania,payout,1.1052322387695312,1.1052322387695312,1.1052322387695312,200.0,1.0
baseline,insurance,Tanzania,premium,1.3262786865234375,1.3262786865234375,1.3262786865234375,200.0,1.0
baseline,insurance,Tanzania,switch_share,0.08788491412997246,0.08493208140134811,0.09071490168571472,200.0,1.0
baseline,insurance,Uganda,ce_rho1.5,23.440573692321777,23.407093048095703,23.47438621520996,200.0,1.0
baseline,insurance,Uganda,ce_rho2.5,13.955292701721191,13.928861618041992,13.977529525756836,200.0,1.0
baseline,insurance,Uganda,ce_rho3.5,8.865889072418213,8.846413612365723,8.883766174316406,200.0,1.0
baseline,insurance,Uganda,cost,0.5106402635574341,0.5106402635574341,0.5106402635574341,200.0,1.0
baseline,insurance,Uganda,cost_behav,2.6176393032073975,2.615910291671753,2.619295597076416,200.0,1.0
baseline,insurance,Uganda,cv_log,0.9083621501922607,0.86580491065979,0.9407380819320679,200.0,1.0
baseline,insurance,Uganda,cv_pct,1.4802569150924683,1.3769185543060303,1.5618716478347778,200.0,1.0
baseline,insurance,Uganda,exp_income,45.879648208618164,45.81855010986328,45.931678771972656,200.0,1.0
baseline,insurance,Uganda,exp_median,31.227039337158203,31.182558059692383,31.27262306213379,200.0,1.0
baseline,insurance,Uganda,exp_shortfall,0.42193736135959625,0.4216986894607544,0.4222337305545807,200.0,1.0
baseline,insurance,Uganda,logsum,1.452788531780243,1.2721688747406006,1.6364678144454956,200.0,1.0
baseline,insurance,Uganda,p_below_theta,0.3320230543613434,0.33182844519615173,0.33219635486602783,200.0,1.0
baseline,insurance,Uganda,payout,2.553201198577881,2.553201198577881,2.553201198577881,200.0,1.0
baseline,insurance,Uganda,premium,3.0638415813446045,3.0638415813446045,3.0638415813446045,200.0,1.0
baseline,insurance,Uganda,switch_share,0.05619295872747898,0.05563304200768471,0.0570182278752327,200.0,1.0
baseline,none,Ethiopia,ce_rho1.5,40.930673599243164,40.728389739990234,41.124603271484375,200.0,1.0
baseline,none,Ethiopia,ce_rho2.5,29.82478141784668,29.688993453979492,30.019094467163086,200.0,1.0
baseline,none,Ethiopia,ce_rho3.5,23.14570140838623,23.023603439331055,23.29983139038086,200.0,1.0
baseline,none,Ethiopia,cost,0.0,0.0,0.0,200.0,1.0
baseline,none,Ethiopia,cost_behav,0.0,0.0,0.0,200.0,1.0
baseline,none,Ethiopia,cv_log,0.0,0.0,0.0,200.0,1.0
baseline,none,Ethiopia,cv_pct,0.0,0.0,0.0,200.0,1.0
baseline,none,Ethiopia,exp_income,66.23852920532227,66.01360321044922,66.43958282470703,200.0,1.0
baseline,none,Ethiopia,exp_median,50.475154876708984,50.247161865234375,50.68934631347656,200.0,1.0
baseline,none,Ethiopia,exp_shortfall,0.7956521809101105,0.7926443219184875,0.7975459098815918,200.0,1.0
baseline,none,Ethiopia,logsum,1.5460938811302185,1.4661692380905151,1.6355477571487427,200.0,1.0
baseline,none,Ethiopia,p_below_theta,0.27631136775016785,0.27572867274284363,0.2768276631832123,200.0,1.0
baseline,none,Ethiopia,payout,0.0,0.0,0.0,200.0,1.0
baseline,none,Ethiopia,premium,0.0,0.0,0.0,200.0,1.0
baseline,none,Ethiopia,switch_share,0.0,0.0,0.0,200.0,1.0
baseline,none,Malawi,ce_rho1.5,34.16740608215332,33.903343200683594,34.464534759521484,200.0,1.0
baseline,none,Malawi,ce_rho2.5,23.76754093170166,23.515655517578125,24.034244537353516,200.0,1.0
baseline,none,Malawi,ce_rho3.5,17.907706260681152,17.667612075805664,18.14456558227539,200.0,1.0
baseline,none,Malawi,cost,0.0,0.0,0.0,200.0,1.0
baseline,none,Malawi,cost_behav,0.0,0.0,0.0,200.0,1.0
baseline,none,Malawi,cv_log,,,,200.0,0.0
baseline,none,Malawi,cv_pct,,,,200.0,0.0
baseline,none,Malawi,exp_income,57.73823547363281,57.50453186035156,57.96729278564453,200.0,1.0
baseline,none,Malawi,exp_median,43.3109188079834,43.04778289794922,43.62227249145508,200.0,1.0
baseline,none,Malawi,exp_shortfall,0.5056819021701813,0.5035632848739624,0.5072910189628601,200.0,1.0
baseline,none,Malawi,logsum,-4.084420204162598,-4.487792491912842,-3.715636968612671,200.0,1.0
baseline,none,Malawi,p_below_theta,0.23876077681779861,0.23822733759880066,0.23928536474704742,200.0,1.0
baseline,none,Malawi,payout,0.0,0.0,0.0,200.0,1.0
baseline,none,Malawi,premium,0.0,0.0,0.0,200.0,1.0
baseline,none,Malawi,switch_share,0.0,0.0,0.0,200.0,1.0
baseline,none,Mali,ce_rho1.5,195.33587646484375,194.4546356201172,196.614990234375,200.0,1.0
baseline,none,Mali,ce_rho2.5,156.41221618652344,155.55772399902344,157.5674591064453,200.0,1.0
baseline,none,Mali,ce_rho3.5,127.94051361083984,126.9407730102539,128.7615203857422,200.0,1.0
baseline,none,Mali,cost,0.0,0.0,0.0,200.0,1.0
baseline,none,Mali,cost_behav,0.0,0.0,0.0,200.0,1.0
baseline,none,Mali,cv_log,0.0,0.0,0.0,200.0,1.0
baseline,none,Mali,cv_pct,0.0,0.0,0.0,200.0,1.0
baseline,none,Mali,exp_income,247.6710662841797,246.80242919921875,248.77459716796875,200.0,1.0
baseline,none,Mali,exp_median,220.74188232421875,219.82644653320312,222.00335693359375,200.0,1.0
baseline,none,Mali,exp_shortfall,2.8215017318725586,2.8087210655212402,2.8390297889709473,200.0,1.0
baseline,none,Mali,logsum,4.5391035079956055,4.127710819244385,4.864357948303223,200.0,1.0
baseline,none,Mali,p_below_theta,0.19122261554002762,0.19054429233074188,0.19217707216739655,200.0,1.0
baseline,none,Mali,payout,0.0,0.0,0.0,200.0,1.0
baseline,none,Mali,premium,0.0,0.0,0.0,200.0,1.0
baseline,none,Mali,switch_share,0.0,0.0,0.0,200.0,1.0
baseline,none,Nigeria,ce_rho1.5,117.35764694213867,117.1072769165039,117.5865478515625,200.0,1.0
baseline,none,Nigeria,ce_rho2.5,78.64523696899414,78.42267608642578,78.83541107177734,200.0,1.0
baseline,none,Nigeria,ce_rho3.5,55.22403144836426,55.064395904541016,55.429771423339844,200.0,1.0
baseline,none,Nigeria,cost,0.0,0.0,0.0,200.0,1.0
baseline,none,Nigeria,cost_behav,0.0,0.0,0.0,200.0,1.0
baseline,none,Nigeria,cv_log,0.0,0.0,0.0,200.0,1.0
baseline,none,Nigeria,cv_pct,0.0,0.0,0.0,200.0,1.0
baseline,none,Nigeria,exp_income,196.09589385986328,195.7537078857422,196.33444213867188,200.0,1.0
baseline,none,Nigeria,exp_median,147.63328552246094,147.36692810058594,147.88404846191406,200.0,1.0
baseline,none,Nigeria,exp_shortfall,3.2899800539016724,3.2829842567443848,3.296786069869995,200.0,1.0
baseline,none,Nigeria,logsum,5.386431455612183,5.161346912384033,5.604471683502197,200.0,1.0
baseline,none,Nigeria,p_below_theta,0.24246574193239212,0.24215909838676453,0.24284635484218597,200.0,1.0
baseline,none,Nigeria,payout,0.0,0.0,0.0,200.0,1.0
baseline,none,Nigeria,premium,0.0,0.0,0.0,200.0,1.0
baseline,none,Nigeria,switch_share,0.0,0.0,0.0,200.0,1.0
baseline,none,Tanzania,ce_rho1.5,30.230435371398926,29.93956756591797,30.476579666137695,200.0,1.0
baseline,none,Tanzania,ce_rho2.5,16.619406700134277,16.408876419067383,16.91495704650879,200.0,1.0
baseline,none,Tanzania,ce_rho3.5,10.498916149139404,10.283051490783691,10.733022689819336,200.0,1.0
baseline,none,Tanzania,cost,0.0,0.0,0.0,200.0,1.0
baseline,none,Tanzania,cost_behav,0.0,0.0,0.0,200.0,1.0
baseline,none,Tanzania,cv_log,0.0,0.0,0.0,200.0,0.065
baseline,none,Tanzania,cv_pct,0.0,0.0,0.0,200.0,0.065
baseline,none,Tanzania,exp_income,72.24273681640625,71.97100830078125,72.4652328491211,200.0,1.0
baseline,none,Tanzania,exp_median,44.22717094421387,43.923362731933594,44.48976135253906,200.0,1.0
baseline,none,Tanzania,exp_shortfall,0.523804634809494,0.5220029950141907,0.5254930257797241,200.0,1.0
baseline,none,Tanzania,logsum,-4.145580768585205,-4.688237190246582,-3.6436078548431396,200.0,1.0
baseline,none,Tanzania,p_below_theta,0.2250775322318077,0.2246178388595581,0.22556263208389282,200.0,1.0
baseline,none,Tanzania,payout,0.0,0.0,0.0,200.0,1.0
baseline,none,Tanzania,premium,0.0,0.0,0.0,200.0,1.0
baseline,none,Tanzania,switch_share,0.0,0.0,0.0,200.0,1.0
baseline,none,Uganda,ce_rho1.5,23.285038948059082,23.251323699951172,23.3232364654541,200.0,1.0
baseline,none,Uganda,ce_rho2.5,13.034425258636475,13.00523853302002,13.05993938446045,200.0,1.0
baseline,none,Uganda,ce_rho3.5,7.639347076416016,7.615311622619629,7.658263683319092,200.0,1.0
baseline,none,Uganda,cost,0.0,0.0,0.0,200.0,1.0
baseline,none,Uganda,cost_behav,0.0,0.0,0.0,200.0,1.0
baseline,none,Uganda,cv_log,0.0,0.0,0.0,200.0,1.0
baseline,none,Uganda,cv_pct,0.0,0.0,0.0,200.0,1.0
baseline,none,Uganda,exp_income,47.09427261352539,47.035888671875,47.14680480957031,200.0,1.0
baseline,none,Uganda,exp_median,32.02663230895996,31.98518943786621,32.07717514038086,200.0,1.0
baseline,none,Uganda,exp_shortfall,1.8536484241485596,1.8526058197021484,1.8543765544891357,200.0,1.0
baseline,none,Uganda,logsum,0.6301897466182709,0.4487665295600891,0.8248156309127808,200.0,1.0
baseline,none,Uganda,p_below_theta,0.3495013564825058,0.3493214547634125,0.3496533930301666,200.0,1.0
baseline,none,Uganda,payout,0.0,0.0,0.0,200.0,1.0
baseline,none,Uganda,premium,0.0,0.0,0.0,200.0,1.0
baseline,none,Uganda,switch_share,0.0,0.0,0.0,200.0,1.0
baseline,safety_net,Ethiopia,ce_rho1.5,43.186113357543945,43.028770446777344,43.34246063232422,200.0,1.0
baseline,safety_net,Ethiopia,ce_rho2.5,33.45037078857422,33.31113815307617,33.57788848876953,200.0,1.0
baseline,safety_net,Ethiopia,ce_rho3.5,27.07238483428955,26.963623046875,27.19829750061035,200.0,1.0
baseline,safety_net,Ethiopia,cost,1.9400118589401245,1.9400118589401245,1.9400118589401245,200.0,1.0
baseline,safety_net,Ethiopia,cost_behav,2.432004451751709,2.42356014251709,2.441356897354126,200.0,1.0
baseline,safety_net,Ethiopia,cv_log,1.543948471546173,1.453460931777954,1.6094764471054077,200.0,1.0
baseline,safety_net,Ethiopia,cv_pct,3.6830495595932007,3.2610878944396973,3.9828052520751953,200.0,1.0
baseline,safety_net,Ethiopia,exp_income,62.52896499633789,62.35420608520508,62.7379035949707,200.0,1.0
baseline,safety_net,Ethiopia,exp_median,50.36457061767578,50.18453598022461,50.54183578491211,200.0,1.0
baseline,safety_net,Ethiopia,exp_shortfall,0.0,0.0,0.0,200.0,1.0
baseline,safety_net,Ethiopia,logsum,2.1744719743728638,2.1027443408966064,2.2429943084716797,200.0,1.0
baseline,safety_net,Ethiopia,p_below_theta,0.0,0.0,0.0,200.0,1.0
baseline,safety_net,Ethiopia,payout,0.0,0.0,0.0,200.0,1.0
baseline,safety_net,Ethiopia,premium,0.0,0.0,0.0,200.0,1.0
baseline,safety_net,Ethiopia,switch_share,0.13435787707567215,0.13296853005886078,0.13666754961013794,200.0,1.0
baseline,safety_net,Malawi,ce_rho1.5,37.13833236694336,36.89697265625,37.41344451904297,200.0,1.0
baseline,safety_net,Malawi,ce_rho2.5,27.819342613220215,27.57274055480957,28.07117462158203,200.0,1.0
baseline,safety_net,Malawi,ce_rho3.5,21.650291442871094,21.40343475341797,21.87019157409668,200.0,1.0
baseline,safety_net,Malawi,cost,1.392106294631958,1.392106294631958,1.392106294631958,200.0,1.0
baseline,safety_net,Malawi,cost_behav,1.4383295178413391,1.4283678531646729,1.448490023612976,200.0,1.0
baseline,safety_net,Malawi,cv_log,,,,200.0,0.0
baseline,safety_net,Malawi,cv_pct,,,,200.0,0.0
baseline,safety_net,Malawi,exp_income,58.07184028625488,57.84849166870117,58.262752532958984,200.0,1.0
baseline,safety_net,Malawi,exp_median,43.73868179321289,43.50031661987305,44.00865936279297,200.0,1.0
baseline,safety_net,Malawi,exp_shortfall,0.0,0.0,0.0,200.0,1.0
baseline,safety_net,Malawi,logsum,-3.637013077735901,-3.987431764602661,-3.2742228507995605,200.0,1.0
baseline,safety_net,Malawi,p_below_theta,0.0,0.0,0.0,200.0,1.0
baseline,safety_net,Malawi,payout,0.0,0.0,0.0,200.0,1.0
baseline,safety_net,Malawi,premium,0.0,0.0,0.0,200.0,1.0
baseline,safety_net,Malawi,switch_share,0.06454350054264069,0.05962257832288742,0.06939840316772461,200.0,1.0
baseline,safety_net,Mali,ce_rho1.5,200.23969268798828,199.44093322753906,201.24696350097656,200.0,1.0
baseline,safety_net,Mali,ce_rho2.5,168.31494903564453,167.62081909179688,169.20433044433594,200.0,1.0
baseline,safety_net,Mali,ce_rho3.5,143.59481048583984,142.8945770263672,144.43148803710938,200.0,1.0
baseline,safety_net,Mali,cost,8.808526039123535,8.808526039123535,8.808526039123535,200.0,1.0
baseline,safety_net,Mali,cost_behav,11.263558387756348,11.194814682006836,11.34064769744873,200.0,1.0
baseline,safety_net,Mali,cv_log,1.0443276762962341,0.9852451682090759,1.1129193305969238,200.0,1.0
baseline,safety_net,Mali,cv_pct,1.841487467288971,1.6784684658050537,2.043229579925537,200.0,1.0
baseline,safety_net,Mali,exp_income,246.0578155517578,245.0775604248047,246.82777404785156,200.0,1.0
baseline,safety_net,Mali,exp_median,219.792724609375,218.88214111328125,220.846435546875,200.0,1.0
baseline,safety_net,Mali,exp_shortfall,0.0,0.0,0.0,200.0,1.0
baseline,safety_net,Mali,logsum,5.937497854232788,5.528014659881592,6.205418109893799,200.0,1.0
baseline,safety_net,Mali,p_below_theta,0.0,0.0,0.0,200.0,1.0
baseline,safety_net,Mali,payout,0.0,0.0,0.0,200.0,1.0
baseline,safety_net,Mali,premium,0.0,0.0,0.0,200.0,1.0
baseline,safety_net,Mali,switch_share,0.14848514646291733,0.14390262961387634,0.15198099613189697,200.0,1.0
baseline,safety_net,Nigeria,ce_rho1.5,129.54193115234375,129.36634826660156,129.73382568359375,200.0,1.0
baseline,safety_net,Nigeria,ce_rho2.5,96.90388107299805,96.70844268798828,97.03704833984375,200.0,1.0
baseline,safety_net,Nigeria,ce_rho3.5,74.9723892211914,74.82125091552734,75.1345443725586,200.0,1.0
baseline,safety_net,Nigeria,cost,8.409066200256348,8.409066200256348,8.409066200256348,200.0,1.0
baseline,safety_net,Nigeria,cost_behav,10.308979988098145,10.277973175048828,10.331509590148926,200.0,1.0
baseline,safety_net,Nigeria,cv_log,0.922577828168869,0.8909236788749695,0.9507249593734741,200.0,1.0
baseline,safety_net,Nigeria,cv_pct,1.515767514705658,1.4373799562454224,1.5875848531723022,200.0,1.0
baseline,safety_net,Nigeria,exp_income,194.54873657226562,194.26480102539062,194.85488891601562,200.0,1.0
baseline,safety_net,Nigeria,exp_median,151.90067291259766,151.6724395751953,152.10182189941406,200.0,1.0
baseline,safety_net,Nigeria,exp_shortfall,0.0,0.0,0.0,200.0,1.0
baseline,safety_net,Nigeria,logsum,6.966305494308472,6.756168365478516,7.171013355255127,200.0,1.0
baseline,safety_net,Nigeria,p_below_theta,0.0,0.0,0.0,200.0,1.0
baseline,safety_net,Nigeria,payout,0.0,0.0,0.0,200.0,1.0
baseline,safety_net,Nigeria,premium,0.0,0.0,0.0,200.0,1.0
baseline,safety_net,Nigeria,switch_share,0.16460859030485153,0.16190728545188904,0.16702456772327423,200.0,1.0
baseline,safety_net,Tanzania,ce_rho1.5,34.62790870666504,34.406620025634766,34.86970901489258,200.0,1.0
baseline,safety_net,Tanzania,ce_rho2.5,22.456721305847168,22.26506805419922,22.710790634155273,200.0,1.0
baseline,safety_net,Tanzania,ce_rho3.5,15.558218002319336,15.356467247009277,15.765996932983398,200.0,1.0
baseline,safety_net,Tanzania,cost,1.578903317451477,1.578903317451477,1.578903317451477,200.0,1.0
baseline,safety_net,Tanzania,cost_behav,1.6614081263542175,1.6539030075073242,1.6689302921295166,200.0,1.0
baseline,safety_net,Tanzania,cv_log,21.902385711669922,3.22310733795166,81.46710968017578,200.0,0.065
baseline,safety_net,Tanzania,cv_pct,3251511296.0,24.10601234436035,2.4027920986513517e+35,200.0,0.06
baseline,safety_net,Tanzania,exp_income,71.1589126586914,70.93216705322266,71.42050170898438,200.0,1.0
baseline,safety_net,Tanzania,exp_median,44.32896614074707,44.08243179321289,44.558555603027344,200.0,1.0
baseline,safety_net,Tanzania,exp_shortfall,0.0,0.0,0.0,200.0,1.0
baseline,safety_net,Tanzania,logsum,-3.856403946876526,-4.3523688316345215,-3.426553964614868,200.0,1.0
baseline,safety_net,Tanzania,p_below_theta,0.0,0.0,0.0,200.0,1.0
baseline,safety_net,Tanzania,payout,0.0,0.0,0.0,200.0,1.0
baseline,safety_net,Tanzania,premium,0.0,0.0,0.0,200.0,1.0
baseline,safety_net,Tanzania,switch_share,0.11012361943721771,0.10629186034202576,0.11404401063919067,200.0,1.0
baseline,safety_net,Uganda,ce_rho1.5,28.273818016052246,28.243059158325195,28.30652618408203,200.0,1.0
baseline,safety_net,Uganda,ce_rho2.5,19.309805870056152,19.28464698791504,19.330509185791016,200.0,1.0
baseline,safety_net,Uganda,ce_rho3.5,13.949488162994385,13.93079948425293,13.968740463256836,200.0,1.0
baseline,safety_net,Uganda,cost,3.647430658340454,3.647430658340454,3.647430658340454,200.0,1.0
baseline,safety_net,Uganda,cost_behav,3.7641302347183228,3.762051820755005,3.7665557861328125,200.0,1.0
baseline,safety_net,Uganda,cv_log,1.5562567710876465,1.4858334064483643,1.609595775604248,200.0,1.0
baseline,safety_net,Uganda,cv_pct,3.7410411834716797,3.41200852394104,3.993330717086792,200.0,1.0
baseline,safety_net,Uganda,exp_income,49.120615005493164,49.06123733520508,49.17155838012695,200.0,1.0
baseline,safety_net,Uganda,exp_median,34.998538970947266,34.954620361328125,35.036556243896484,200.0,1.0
baseline,safety_net,Uganda,exp_shortfall,0.0,0.0,0.0,200.0,1.0
baseline,safety_net,Uganda,logsum,2.0411970615386963,1.8226102590560913,2.214366912841797,200.0,1.0
baseline,safety_net,Uganda,p_below_theta,0.0,0.0,0.0,200.0,1.0
baseline,safety_net,Uganda,payout,0.0,0.0,0.0,200.0,1.0
baseline,safety_net,Uganda,premium,0.0,0.0,0.0,200.0,1.0
baseline,safety_net,Uganda,switch_share,0.08584536612033844,0.0848945826292038,0.0871521458029747,200.0,1.0
baseline,transfer,Ethiopia,ce_rho1.5,43.18544006347656,43.00176239013672,43.355712890625,200.0,1.0
baseline,transfer,Ethiopia,ce_rho2.5,32.20696449279785,32.045955657958984,32.348854064941406,200.0,1.0
baseline,transfer,Ethiopia,ce_rho3.5,25.2731990814209,25.158227920532227,25.413087844848633,200.0,1.0
baseline,transfer,Ethiopia,cost,1.9856468439102173,1.9856468439102173,1.9856468439102173,200.0,1.0
baseline,transfer,Ethiopia,cost_behav,1.9856468439102173,1.9856468439102173,1.9856468439102173,200.0,1.0
baseline,transfer,Ethiopia,cv_log,0.16613278537988663,0.1443352997303009,0.18201826512813568,200.0,1.0
baseline,transfer,Ethiopia,cv_pct,0.18072988092899323,0.15527141094207764,0.19963610172271729,200.0,1.0
baseline,transfer,Ethiopia,exp_income,66.28617095947266,66.06803131103516,66.47168731689453,200.0,1.0
baseline,transfer,Ethiopia,exp_median,51.8284912109375,51.63228988647461,52.023460388183594,200.0,1.0
baseline,transfer,Ethiopia,exp_shortfall,0.4423603415489197,0.4403608739376068,0.4443713128566742,200.0,1.0
baseline,transfer,Ethiopia,logsum,1.612093985080719,1.5357106924057007,1.6990832090377808,200.0,1.0
baseline,transfer,Ethiopia,p_below_theta,0.23446547240018845,0.23378250002861023,0.235089972615242,200.0,1.0
baseline,transfer,Ethiopia,payout,0.0,0.0,0.0,200.0,1.0
baseline,transfer,Ethiopia,premium,0.0,0.0,0.0,200.0,1.0
baseline,transfer,Ethiopia,switch_share,0.0551731251180172,0.054546453058719635,0.056061383336782455,200.0,1.0
baseline,transfer,Malawi,ce_rho1.5,36.71459770202637,36.46682357788086,36.988956451416016,200.0,1.0
baseline,transfer,Malawi,ce_rho2.5,26.15322971343994,25.91584587097168,26.41105079650879,200.0,1.0
baseline,transfer,Malawi,ce_rho3.5,19.78927993774414,19.500377655029297,19.960744857788086,200.0,1.0
baseline,transfer,Malawi,cost,1.9123499393463135,1.9123499393463135,1.9123499393463135,200.0,1.0
baseline,transfer,Malawi,cost_behav,1.9123499393463135,1.9123499393463135,1.9123499393463135,200.0,1.0
baseline,transfer,Malawi,cv_log,,,,200.0,0.0
baseline,transfer,Malawi,cv_pct,,,,200.0,0.0
baseline,transfer,Malawi,exp_income,59.19024085998535,58.991031646728516,59.428001403808594,200.0,1.0
baseline,transfer,Malawi,exp_median,45.065940856933594,44.81694793701172,45.35537338256836,200.0,1.0
baseline,transfer,Malawi,exp_shortfall,0.23667310923337936,0.23564791679382324,0.23794732987880707,200.0,1.0
baseline,transfer,Malawi,logsum,-4.114501714706421,-4.515075206756592,-3.7420594692230225,200.0,1.0
baseline,transfer,Malawi,p_below_theta,0.18234367668628693,0.18181487917900085,0.18284238874912262,200.0,1.0
baseline,transfer,Malawi,payout,0.0,0.0,0.0,200.0,1.0
baseline,transfer,Malawi,premium,0.0,0.0,0.0,200.0,1.0
baseline,transfer,Malawi,switch_share,0.020547371357679367,0.018900716677308083,0.022219635546207428,200.0,1.0
baseline,transfer,Mali,ce_rho1.5,206.1724395751953,205.35902404785156,207.27734375,200.0,1.0
baseline,transfer,Mali,ce_rho2.5,169.3306655883789,168.57794189453125,170.3372039794922,200.0,1.0
baseline,transfer,Mali,ce_rho3.5,141.11753845214844,140.37005615234375,142.0544891357422,200.0,1.0
baseline,transfer,Mali,cost,12.995691299438477,12.995691299438477,12.995691299438477,200.0,1.0
baseline,transfer,Mali,cost_behav,12.995691299438477,12.995691299438477,12.995691299438477,200.0,1.0
baseline,transfer,Mali,cv_log,0.38496945798397064,0.3656074106693268,0.4101428985595703,200.0,1.0
baseline,transfer,Mali,cv_pct,0.4695694297552109,0.43240147829055786,0.4978455603122711,200.0,1.0
baseline,transfer,Mali,exp_income,255.19686889648438,254.24514770507812,256.1702880859375,200.0,1.0
baseline,transfer,Mali,exp_median,229.03355407714844,228.21238708496094,230.23583984375,200.0,1.0
baseline,transfer,Mali,exp_shortfall,1.3732765316963196,1.365566611289978,1.3831168413162231,200.0,1.0
baseline,transfer,Mali,logsum,5.053517818450928,4.600203037261963,5.328047752380371,200.0,1.0
baseline,transfer,Mali,p_below_theta,0.139750637114048,0.13909387588500977,0.1404624879360199,200.0,1.0
baseline,transfer,Mali,payout,0.0,0.0,0.0,200.0,1.0
baseline,transfer,Mali,premium,0.0,0.0,0.0,200.0,1.0
baseline,transfer,Mali,switch_share,0.05179264768958092,0.05016741901636124,0.05310775339603424,200.0,1.0
baseline,transfer,Nigeria,ce_rho1.5,128.86144256591797,128.6592559814453,129.07156372070312,200.0,1.0
baseline,transfer,Nigeria,ce_rho2.5,91.46327209472656,91.25874328613281,91.6209716796875,200.0,1.0
baseline,transfer,Nigeria,ce_rho3.5,67.03580093383789,66.86955261230469,67.20475769042969,200.0,1.0
baseline,transfer,Nigeria,cost,10.273679733276367,10.273679733276367,10.273679733276367,200.0,1.0
baseline,transfer,Nigeria,cost_behav,10.273679733276367,10.273679733276367,10.273679733276367,200.0,1.0
baseline,transfer,Nigeria,cv_log,0.3013651818037033,0.29017066955566406,0.3126390278339386,200.0,1.0
baseline,transfer,Nigeria,cv_pct,0.35170288383960724,0.3366555869579315,0.36702799797058105,200.0,1.0
baseline,transfer,Nigeria,exp_income,200.59593963623047,200.29458618164062,200.8539276123047,200.0,1.0
baseline,transfer,Nigeria,exp_median,155.49279022216797,155.26878356933594,155.72853088378906,200.0,1.0
baseline,transfer,Nigeria,exp_shortfall,1.7540852427482605,1.7481322288513184,1.759535551071167,200.0,1.0
baseline,transfer,Nigeria,logsum,5.900874376296997,5.67165994644165,6.109645843505859,200.0,1.0
baseline,transfer,Nigeria,p_below_theta,0.19278138875961304,0.1924131214618683,0.19314639270305634,200.0,1.0
baseline,transfer,Nigeria,payout,0.0,0.0,0.0,200.0,1.0
baseline,transfer,Nigeria,premium,0.0,0.0,0.0,200.0,1.0
baseline,transfer,Nigeria,switch_share,0.08443824201822281,0.08314086496829987,0.08590377867221832,200.0,1.0
baseline,transfer,Tanzania,ce_rho1.5,34.171220779418945,33.89769744873047,34.40170669555664,200.0,1.0
baseline,transfer,Tanzania,ce_rho2.5,20.03662872314453,19.8419132232666,20.313058853149414,200.0,1.0
baseline,transfer,Tanzania,ce_rho3.5,12.920663356781006,12.759817123413086,13.185334205627441,200.0,1.0
baseline,transfer,Tanzania,cost,2.602651596069336,2.602651596069336,2.602651596069336,200.0,1.0
baseline,transfer,Tanzania,cost_behav,2.602651596069336,2.602651596069336,2.602651596069336,200.0,1.0
baseline,transfer,Tanzania,cv_log,-21.890724182128906,-81.3343276977539,-3.1025290489196777,200.0,0.065
baseline,transfer,Tanzania,cv_pct,-1.0,-1.0,-0.9760661125183105,200.0,0.065
baseline,transfer,Tanzania,exp_income,73.82195281982422,73.57795715332031,74.05944061279297,200.0,1.0
baseline,transfer,Tanzania,exp_median,46.81183433532715,46.55825424194336,47.07603454589844,200.0,1.0
baseline,transfer,Tanzania,exp_shortfall,0.232014000415802,0.23124553263187408,0.23279687762260437,200.0,1.0
baseline,transfer,Tanzania,logsum,-4.399656772613525,-4.930444717407227,-3.9010393619537354,200.0,1.0
baseline,transfer,Tanzania,p_below_theta,0.1645941063761711,0.16413511335849762,0.1649051010608673,200.0,1.0
baseline,transfer,Tanzania,payout,0.0,0.0,0.0,200.0,1.0
baseline,transfer,Tanzania,premium,0.0,0.0,0.0,200.0,1.0
baseline,transfer,Tanzania,switch_share,0.05305510573089123,0.05143554508686066,0.05467507988214493,200.0,1.0
baseline,transfer,Uganda,ce_rho1.5,26.437092781066895,26.404592514038086,26.471773147583008,200.0,1.0
baseline,transfer,Uganda,ce_rho2.5,16.34747886657715,16.32070541381836,16.37322425842285,200.0,1.0
baseline,transfer,Uganda,ce_rho3.5,10.51746129989624,10.495834350585938,10.538113594055176,200.0,1.0
baseline,transfer,Uganda,cost,2.545980930328369,2.545980930328369,2.545980930328369,200.0,1.0
baseline,transfer,Uganda,cost_behav,2.545980930328369,2.545980930328369,2.545980930328369,200.0,1.0
baseline,transfer,Uganda,cv_log,0.51304492354393,0.49276649951934814,0.5329853296279907,200.0,1.0
baseline,transfer,Uganda,cv_pct,0.6703696250915527,0.6368382573127747,0.7040117383003235,200.0,1.0
baseline,transfer,Uganda,exp_income,48.736528396606445,48.67833709716797,48.7905387878418,200.0,1.0
baseline,transfer,Uganda,exp_median,34.29476547241211,34.24911117553711,34.33494186401367,200.0,1.0
baseline,transfer,Uganda,exp_shortfall,1.1320798993110657,1.1315231323242188,1.132723331451416,200.0,1.0
baseline,transfer,Uganda,logsum,1.094970703125,0.9111593961715698,1.287723422050476,200.0,1.0
baseline,transfer,Uganda,p_below_theta,0.31085753440856934,0.3107229769229889,0.3109901547431946,200.0,1.0
baseline,transfer,Uganda,payout,0.0,0.0,0.0,200.0,1.0
baseline,transfer,Uganda,premium,0.0,0.0,0.0,200.0,1.0
baseline,transfer,Uganda,switch_share,0.049803802743554115,0.04915042221546173,0.0504952073097229,200.0,1.0
ssp245,both,Ethiopia,ce_rho1.5,31.62102222442627,31.53563117980957,31.70359992980957,200.0,1.0
ssp245,both,Ethiopia,ce_rho2.5,20.332778930664062,20.28817367553711,20.380239486694336,200.0,1.0
ssp245,both,Ethiopia,ce_rho3.5,14.16904067993164,14.135082244873047,14.220535278320312,200.0,1.0
ssp245,both,Ethiopia,cost,0.9719924926757812,0.9719924926757812,0.9719924926757812,200.0,1.0
ssp245,both,Ethiopia,cost_behav,1.8735623955726624,1.8657758235931396,1.8818702697753906,200.0,1.0
ssp245,both,Ethiopia,cv_log,0.8874091804027557,0.8244611024856567,0.9236142039299011,200.0,1.0
ssp245,both,Ethiopia,cv_pct,1.4288288950920105,1.2806514501571655,1.5183758735656738,200.0,1.0
ssp245,both,Ethiopia,exp_income,65.40573120117188,65.16492462158203,65.68607330322266,200.0,1.0
ssp245,both,Ethiopia,exp_median,41.17377281188965,41.043678283691406,41.31132507324219,200.0,1.0
ssp245,both,Ethiopia,exp_shortfall,0.0,0.0,0.0,200.0,1.0
ssp245,both,Ethiopia,logsum,1.9068019390106201,1.8373494148254395,1.9848436117172241,200.0,1.0
ssp245,both,Ethiopia,p_below_theta,0.0,0.0,0.0,200.0,1.0
ssp245,both,Ethiopia,payout,0.7879226803779602,0.7879226803779602,0.7879226803779602,200.0,1.0
ssp245,both,Ethiopia,premium,0.9455072283744812,0.9455072283744812,0.9455072283744812,200.0,1.0
ssp245,both,Ethiopia,switch_share,0.1415472999215126,0.1397467851638794,0.14393514394760132,200.0,1.0
ssp245,both,Malawi,ce_rho1.5,27.255224227905273,27.12339973449707,27.389875411987305,200.0,1.0
ssp245,both,Malawi,ce_rho2.5,17.188225746154785,17.113245010375977,17.271886825561523,200.0,1.0
ssp245,both,Malawi,ce_rho3.5,11.187892436981201,11.138923645019531,11.24008560180664,200.0,1.0
ssp245,both,Malawi,cost,0.6423821449279785,0.6423821449279785,0.6423821449279785,200.0,1.0
ssp245,both,Malawi,cost_behav,1.0161877274513245,1.0071840286254883,1.0242972373962402,200.0,1.0
ssp245,both,Malawi,cv_log,,,,200.0,0.0
ssp245,both,Malawi,cv_pct,,,,200.0,0.0
ssp245,both,Malawi,exp_income,57.16935348510742,56.90690231323242,57.50099182128906,200.0,1.0
ssp245,both,Malawi,exp_median,34.98395538330078,34.8047981262207,35.16205978393555,200.0,1.0
ssp245,both,Malawi,exp_shortfall,0.0,0.0,0.0,200.0,1.0
ssp245,both,Malawi,logsum,-3.853206753730774,-4.234862804412842,-3.501237154006958,200.0,1.0
ssp245,both,Malawi,p_below_theta,0.0,0.0,0.0,200.0,1.0
ssp245,both,Malawi,payout,0.6102405190467834,0.6102405190467834,0.6102405190467834,200.0,1.0
ssp245,both,Malawi,premium,0.732288658618927,0.732288658618927,0.732288658618927,200.0,1.0
ssp245,both,Malawi,switch_share,0.07066596299409866,0.06597434729337692,0.07623931765556335,200.0,1.0
ssp245,both,Mali,ce_rho1.5,126.58847427368164,126.08931732177734,127.2898178100586,200.0,1.0
ssp245,both,Mali,ce_rho2.5,97.95923233032227,97.6238784790039,98.39302825927734,200.0,1.0
ssp245,both,Mali,ce_rho3.5,77.78770065307617,77.52430725097656,78.0467758178711,200.0,1.0
ssp245,both,Mali,cost,3.9380764961242676,3.9380764961242676,3.9380764961242676,200.0,1.0
ssp245,both,Mali,cost_behav,13.0744047164917,13.002069473266602,13.156760215759277,200.0,1.0
ssp245,both,Mali,cv_log,0.7200965881347656,0.6657562851905823,0.7910934090614319,200.0,1.0
ssp245,both,Mali,cv_pct,1.0546316504478455,0.9311864972114563,1.189789891242981,200.0,1.0
ssp245,both,Mali,exp_income,185.2327651977539,184.34066772460938,186.294921875,200.0,1.0
ssp245,both,Mali,exp_median,145.44908905029297,144.79978942871094,146.27725219726562,200.0,1.0
ssp245,both,Mali,exp_shortfall,0.0,0.0,0.0,200.0,1.0
ssp245,both,Mali,logsum,5.503682613372803,5.107653617858887,5.755466461181641,200.0,1.0
ssp245,both,Mali,p_below_theta,0.0,0.0,0.0,200.0,1.0
ssp245,both,Mali,payout,3.964319944381714,3.964319944381714,3.964319944381714,200.0,1.0
ssp245,both,Mali,premium,4.757184028625488,4.757184028625488,4.757184028625488,200.0,1.0
ssp245,both,Mali,switch_share,0.1616021916270256,0.15587882697582245,0.1654251366853714,200.0,1.0
ssp245,both,Nigeria,ce_rho1.5,97.08601379394531,96.92167663574219,97.24762725830078,200.0,1.0
ssp245,both,Nigeria,ce_rho2.5,65.10027694702148,65.02145385742188,65.17211151123047,200.0,1.0
ssp245,both,Nigeria,ce_rho3.5,46.480520248413086,46.420101165771484,46.53739929199219,200.0,1.0
ssp245,both,Nigeria,cost,4.022350311279297,4.022350311279297,4.022350311279297,200.0,1.0
ssp245,both,Nigeria,cost_behav,8.852718830108643,8.823907852172852,8.877618789672852,200.0,1.0
ssp245,both,Nigeria,cv_log,0.6127088963985443,0.5870484709739685,0.6356495022773743,200.0,1.0
ssp245,both,Nigeria,cv_pct,0.8454238176345825,0.7986717224121094,0.8882481455802917,200.0,1.0
ssp245,both,Nigeria,exp_income,183.08375549316406,182.60195922851562,183.61398315429688,200.0,1.0
ssp245,both,Nigeria,exp_median,121.92510223388672,121.6474609375,122.15272521972656,200.0,1.0
ssp245,both,Nigeria,exp_shortfall,0.0,0.0,0.0,200.0,1.0
ssp245,both,Nigeria,logsum,6.436186790466309,6.2234978675842285,6.636192321777344,200.0,1.0
ssp245,both,Nigeria,p_below_theta,0.0,0.0,0.0,200.0,1.0
ssp245,both,Nigeria,payout,3.570582389831543,3.570582389831543,3.570582389831543,200.0,1.0
ssp245,both,Nigeria,premium,4.284698963165283,4.284698963165283,4.284698963165283,200.0,1.0
ssp245,both,Nigeria,switch_share,0.17089039087295532,0.16806206107139587,0.17384284734725952,200.0,1.0
ssp245,both,Tanzania,ce_rho1.5,26.880237579345703,26.781597137451172,27.01095199584961,200.0,1.0
ssp245,both,Tanzania,ce_rho2.5,13.887030124664307,13.831987380981445,13.93323040008545,200.0,1.0
ssp245,both,Tanzania,ce_rho3.5,7.786502361297607,7.757256984710693,7.815841197967529,200.0,1.0
ssp245,both,Tanzania,cost,0.6917673349380493,0.6917673349380493,0.6917673349380493,200.0,1.0
ssp245,both,Tanzania,cost_behav,1.220841646194458,1.2145460844039917,1.226355791091919,200.0,1.0
ssp245,both,Tanzania,cv_log,-4.275546073913574,-11.53628921508789,0.1167280375957489,200.0,0.065
ssp245,both,Tanzania,cv_pct,-0.9860955476760864,-0.9999998211860657,-0.4342697858810425,200.0,0.065
ssp245,both,Tanzania,exp_income,79.40857696533203,79.03804016113281,79.88372039794922,200.0,1.0
ssp245,both,Tanzania,exp_median,39.070518493652344,38.87406921386719,39.273292541503906,200.0,1.0
ssp245,both,Tanzania,exp_shortfall,0.0,0.0,0.0,200.0,1.0
ssp245,both,Tanzania,logsum,-4.171643257141113,-4.677689075469971,-3.7114386558532715,200.0,1.0
ssp245,both,Tanzania,p_below_theta,0.0,0.0,0.0,200.0,1.0
ssp245,both,Tanzania,payout,0.7220874428749084,0.7220874428749084,0.7220874428749084,200.0,1.0
ssp245,both,Tanzania,premium,0.866504967212677,0.866504967212677,0.866504967212677,200.0,1.0
ssp245,both,Tanzania,switch_share,0.11421587318181992,0.11045979708433151,0.11799612641334534,200.0,1.0
ssp245,both,Uganda,ce_rho1.5,25.002102851867676,24.98143196105957,25.030492782592773,200.0,1.0
ssp245,both,Uganda,ce_rho2.5,15.396041870117188,15.37983226776123,15.40968132019043,200.0,1.0
ssp245,both,Uganda,ce_rho3.5,10.226659774780273,10.213696479797363,10.239322662353516,200.0,1.0
ssp245,both,Uganda,cost,2.1309547424316406,2.1309547424316406,2.1309547424316406,200.0,1.0
ssp245,both,Uganda,cost_behav,2.872459053993225,2.870043992996216,2.8750863075256348,200.0,1.0
ssp245,both,Uganda,cv_log,1.2088971734046936,1.1565402746200562,1.2470630407333374,200.0,1.0
ssp245,both,Uganda,cv_pct,2.3497883081436157,2.1789159774780273,2.480107069015503,200.0,1.0
ssp245,both,Uganda,exp_income,51.18974494934082,51.114078521728516,51.283172607421875,200.0,1.0
ssp245,both,Uganda,exp_median,32.948577880859375,32.9100227355957,32.986328125,200.0,1.0
ssp245,both,Uganda,exp_shortfall,0.0,0.0,0.0,200.0,1.0
ssp245,both,Uganda,logsum,1.72566419839859,1.5400184392929077,1.9149149656295776,200.0,1.0
ssp245,both,Uganda,p_below_theta,0.0,0.0,0.0,200.0,1.0
ssp245,both,Uganda,payout,1.2343406677246094,1.2343406677246094,1.2343406677246094,200.0,1.0
ssp245,both,Uganda,premium,1.4812088012695312,1.4812088012695312,1.4812088012695312,200.0,1.0
ssp245,both,Uganda,switch_share,0.08251488581299782,0.08148986846208572,0.08367664366960526,200.0,1.0
ssp245,contraction,Ethiopia,ce_rho1.5,37.83796501159668,37.70796203613281,37.95951461791992,200.0,1.0
ssp245,contraction,Ethiopia,ce_rho2.5,32.94372367858887,32.84577560424805,33.050907135009766,200.0,1.0
ssp245,contraction,Ethiopia,ce_rho3.5,28.897607803344727,28.82412338256836,28.995450973510742,200.0,1.0
ssp245,contraction,Ethiopia,cost,0.0,0.0,0.0,200.0,1.0
ssp245,contraction,Ethiopia,cost_behav,0.0,0.0,0.0,200.0,1.0
ssp245,contraction,Ethiopia,cv_log,0.8298521339893341,0.7451519966125488,0.8767865896224976,200.0,1.0
ssp245,contraction,Ethiopia,cv_pct,1.2929810881614685,1.1067615747451782,1.4031649827957153,200.0,1.0
ssp245,contraction,Ethiopia,exp_income,50.95571708679199,50.757537841796875,51.14777755737305,200.0,1.0
ssp245,contraction,Ethiopia,exp_median,40.69278526306152,40.563194274902344,40.84149932861328,200.0,1.0
ssp245,contraction,Ethiopia,exp_shortfall,0.545650988817215,0.5427005290985107,0.5479611158370972,200.0,1.0
ssp245,contraction,Ethiopia,logsum,1.8828275203704834,1.8139859437942505,1.9560703039169312,200.0,1.0
ssp245,contraction,Ethiopia,p_below_theta,0.20794927328824997,0.20715634524822235,0.20866329967975616,200.0,1.0
ssp245,contraction,Ethiopia,payout,0.0,0.0,0.0,200.0,1.0
ssp245,contraction,Ethiopia,premium,0.0,0.0,0.0,200.0,1.0
ssp245,contraction,Ethiopia,switch_share,0.13570225983858109,0.13347062468528748,0.1380678117275238,200.0,1.0
ssp245,contraction,Malawi,ce_rho1.5,32.59607696533203,32.43873977661133,32.753360748291016,200.0,1.0
ssp245,contraction,Malawi,ce_rho2.5,27.759113311767578,27.615280151367188,27.887086868286133,200.0,1.0
ssp245,contraction,Malawi,ce_rho3.5,23.849453926086426,23.724672317504883,23.963743209838867,200.0,1.0
ssp245,contraction,Malawi,cost,0.0,0.0,0.0,200.0,1.0
ssp245,contraction,Malawi,cost_behav,0.0,0.0,0.0,200.0,1.0
ssp245,contraction,Malawi,cv_log,,,,200.0,0.0
ssp245,contraction,Malawi,cv_pct,,,,200.0,0.0
ssp245,contraction,Malawi,exp_income,45.91946601867676,45.683353424072266,46.13961410522461,200.0,1.0
ssp245,contraction,Malawi,exp_median,35.46347236633301,35.285499572753906,35.63041305541992,200.0,1.0
ssp245,contraction,Malawi,exp_shortfall,0.14200801402330399,0.14036056399345398,0.14309704303741455,200.0,1.0
ssp245,contraction,Malawi,logsum,-3.2726528644561768,-3.5932259559631348,-2.9278202056884766,200.0,1.0
ssp245,contraction,Malawi,p_below_theta,0.09500529617071152,0.09421685338020325,0.09551592916250229,200.0,1.0
ssp245,contraction,Malawi,payout,0.0,0.0,0.0,200.0,1.0
ssp245,contraction,Malawi,premium,0.0,0.0,0.0,200.0,1.0
ssp245,contraction,Malawi,switch_share,0.041116757318377495,0.03790440410375595,0.043841589242219925,200.0,1.0
ssp245,contraction,Mali,ce_rho1.5,141.1108856201172,140.4611053466797,141.72723388671875,200.0,1.0
ssp245,contraction,Mali,ce_rho2.5,129.04930114746094,128.44036865234375,129.59408569335938,200.0,1.0
ssp245,contraction,Mali,ce_rho3.5,118.22624969482422,117.66801452636719,118.7389907836914,200.0,1.0
ssp245,contraction,Mali,cost,0.0,0.0,0.0,200.0,1.0
ssp245,contraction,Mali,cost_behav,0.0,0.0,0.0,200.0,1.0
ssp245,contraction,Mali,cv_log,0.5599285364151001,0.4928273856639862,0.6289470195770264,200.0,1.0
ssp245,contraction,Mali,cv_pct,0.7505474090576172,0.6369379162788391,0.8756345510482788,200.0,1.0
ssp245,contraction,Mali,exp_income,167.69468688964844,166.87680053710938,168.3419952392578,200.0,1.0
ssp245,contraction,Mali,exp_median,147.65947723388672,146.97706604003906,148.2991180419922,200.0,1.0
ssp245,contraction,Mali,exp_shortfall,3.585784912109375,3.564317226409912,3.6088385581970215,200.0,1.0
ssp245,contraction,Mali,logsum,5.2873616218566895,4.927234172821045,5.5413498878479,200.0,1.0
ssp245,contraction,Mali,p_below_theta,0.2185567170381546,0.21761579811573029,0.21975253522396088,200.0,1.0
ssp245,contraction,Mali,payout,0.0,0.0,0.0,200.0,1.0
ssp245,contraction,Mali,premium,0.0,0.0,0.0,200.0,1.0
ssp245,contraction,Mali,switch_share,0.028142313472926617,0.025853632017970085,0.03090301714837551,200.0,1.0
ssp245,contraction,Nigeria,ce_rho1.5,111.8686752319336,111.6836166381836,112.08499145507812,200.0,1.0
ssp245,contraction,Nigeria,ce_rho2.5,97.34809112548828,97.18646240234375,97.51078796386719,200.0,1.0
ssp245,contraction,Nigeria,ce_rho3.5,85.07564544677734,84.93449401855469,85.21977996826172,200.0,1.0
ssp245,contraction,Nigeria,cost,0.0,0.0,0.0,200.0,1.0
ssp245,contraction,Nigeria,cost_behav,0.0,0.0,0.0,200.0,1.0
ssp245,contraction,Nigeria,cv_log,0.5499949157238007,0.5180532932281494,0.5830417275428772,200.0,1.0
ssp245,contraction,Nigeria,cv_pct,0.7332442104816437,0.6787564158439636,0.7914793491363525,200.0,1.0
ssp245,contraction,Nigeria,exp_income,147.89420318603516,147.5814666748047,148.18460083007812,200.0,1.0
ssp245,contraction,Nigeria,exp_median,120.14427947998047,119.93856811523438,120.37744903564453,200.0,1.0
ssp245,contraction,Nigeria,exp_shortfall,2.59777295589447,2.5881645679473877,2.607388973236084,200.0,1.0
ssp245,contraction,Nigeria,logsum,6.326207399368286,6.134143829345703,6.5144805908203125,200.0,1.0
ssp245,contraction,Nigeria,p_below_theta,0.18966221809387207,0.18914449214935303,0.19013582170009613,200.0,1.0
ssp245,contraction,Nigeria,payout,0.0,0.0,0.0,200.0,1.0
ssp245,contraction,Nigeria,premium,0.0,0.0,0.0,200.0,1.0
ssp245,contraction,Nigeria,switch_share,0.11036416888237,0.10735580325126648,0.11432387679815292,200.0,1.0
ssp245,contraction,Tanzania,ce_rho1.5,34.73674964904785,34.587345123291016,34.91417694091797,200.0,1.0
ssp245,contraction,Tanzania,ce_rho2.5,27.385048866271973,27.282825469970703,27.543935775756836,200.0,1.0
ssp245,contraction,Tanzania,ce_rho3.5,21.79844856262207,21.70524787902832,21.918476104736328,200.0,1.0
ssp245,contraction,Tanzania,cost,0.0,0.0,0.0,200.0,1.0
ssp245,contraction,Tanzania,cost_behav,0.0,0.0,0.0,200.0,1.0
ssp245,contraction,Tanzania,cv_log,56.093597412109375,8.108476638793945,209.1721954345703,200.0,0.065
ssp245,contraction,Tanzania,cv_pct,2.2968879796570364e+24,3321.5126953125,inf,200.0,0.045
ssp245,contraction,Tanzania,exp_income,56.994728088378906,56.729522705078125,57.31932830810547,200.0,1.0
ssp245,contraction,Tanzania,exp_median,39.27628135681152,39.12533187866211,39.4970588684082,200.0,1.0
ssp245,contraction,Tanzania,exp_shortfall,0.08644141629338264,0.08553320169448853,0.087235227227211,200.0,1.0
ssp245,contraction,Tanzania,logsum,-3.451796770095825,-3.905094623565674,-3.0358967781066895,200.0,1.0
ssp245,contraction,Tanzania,p_below_theta,0.06282836571335793,0.06237638741731644,0.06323405355215073,200.0,1.0
ssp245,contraction,Tanzania,payout,0.0,0.0,0.0,200.0,1.0
ssp245,contraction,Tanzania,premium,0.0,0.0,0.0,200.0,1.0
ssp245,contraction,Tanzania,switch_share,0.15462882816791534,0.14966315031051636,0.1599731743335724,200.0,1.0
ssp245,contraction,Uganda,ce_rho1.5,28.74347972869873,28.71156883239746,28.78217315673828,200.0,1.0
ssp245,contraction,Uganda,ce_rho2.5,24.67102336883545,24.638263702392578,24.69849395751953,200.0,1.0
ssp245,contraction,Uganda,ce_rho3.5,21.237820625305176,21.211532592773438,21.265140533447266,200.0,1.0
ssp245,contraction,Uganda,cost,0.0,0.0,0.0,200.0,1.0
ssp245,contraction,Uganda,cost_behav,0.0,0.0,0.0,200.0,1.0
ssp245,contraction,Uganda,cv_log,1.0981301665306091,1.0234897136688232,1.1668354272842407,200.0,1.0
ssp245,contraction,Uganda,cv_pct,1.998555839061737,1.7828893661499023,2.2118124961853027,200.0,1.0
ssp245,contraction,Uganda,exp_income,38.818742752075195,38.75843811035156,38.875,200.0,1.0
ssp245,contraction,Uganda,exp_median,31.064239501953125,31.02837371826172,31.10625648498535,200.0,1.0
ssp245,contraction,Uganda,exp_shortfall,1.4553076028823853,1.4539189338684082,1.4564399719238281,200.0,1.0
ssp245,contraction,Uganda,logsum,1.6273236274719238,1.4902830123901367,1.8354482650756836,200.0,1.0
ssp245,contraction,Uganda,p_below_theta,0.28087595105171204,0.28067755699157715,0.2810623049736023,200.0,1.0
ssp245,contraction,Uganda,payout,0.0,0.0,0.0,200.0,1.0
ssp245,contraction,Uganda,premium,0.0,0.0,0.0,200.0,1.0
ssp245,contraction,Uganda,switch_share,0.1316470503807068,0.12919791042804718,0.134557843208313,200.0,1.0
ssp245,insurance,Ethiopia,ce_rho1.5,30.699718475341797,30.613859176635742,30.782150268554688,200.0,1.0
ssp245,insurance,Ethiopia,ce_rho2.5,19.114739418029785,19.068115234375,19.164419174194336,200.0,1.0
ssp245,insurance,Ethiopia,ce_rho3.5,12.926846027374268,12.891678810119629,12.978713989257812,200.0,1.0
ssp245,insurance,Ethiopia,cost,0.27160167694091797,0.27160167694091797,0.27160167694091797,200.0,1.0
ssp245,insurance,Ethiopia,cost_behav,1.5323945879936218,1.5260043144226074,1.5389010906219482,200.0,1.0
ssp245,insurance,Ethiopia,cv_log,0.46024416387081146,0.4185332953929901,0.48359206318855286,200.0,1.0
ssp245,insurance,Ethiopia,cv_pct,0.5844608247280121,0.5197309255599976,0.6218898892402649,200.0,1.0
ssp245,insurance,Ethiopia,exp_income,65.80540466308594,65.5900650024414,66.111572265625,200.0,1.0
ssp245,insurance,Ethiopia,exp_median,40.72327423095703,40.59237289428711,40.85796356201172,200.0,1.0
ssp245,insurance,Ethiopia,exp_shortfall,0.041962433606386185,0.041740208864212036,0.042208414524793625,200.0,1.0
ssp245,insurance,Ethiopia,logsum,1.7317147850990295,1.658663034439087,1.8123048543930054,200.0,1.0
ssp245,insurance,Ethiopia,p_below_theta,0.1639930084347725,0.16329878568649292,0.16462703049182892,200.0,1.0
ssp245,insurance,Ethiopia,payout,1.3580083847045898,1.3580083847045898,1.3580083847045898,200.0,1.0
ssp245,insurance,Ethiopia,premium,1.6296101808547974,1.6296101808547974,1.6296101808547974,200.0,1.0
ssp245,insurance,Ethiopia,switch_share,0.11765479668974876,0.11603384464979172,0.1195603758096695,200.0,1.0
ssp245,insurance,Malawi,ce_rho1.5,26.572318077087402,26.444440841674805,26.70804786682129,200.0,1.0
ssp245,insurance,Malawi,ce_rho2.5,16.32537841796875,16.2507381439209,16.40961265563965,200.0,1.0
ssp245,insurance,Malawi,ce_rho3.5,10.357107162475586,10.30738353729248,10.410743713378906,200.0,1.0
ssp245,insurance,Malawi,cost,0.19489488005638123,0.19489488005638123,0.19489488005638123,200.0,1.0
ssp245,insurance,Malawi,cost_behav,0.8703576028347015,0.8631668090820312,0.8761417269706726,200.0,1.0
ssp245,insurance,Malawi,cv_log,,,,200.0,0.0
ssp245,insurance,Malawi,cv_pct,,,,200.0,0.0
ssp245,insurance,Malawi,exp_income,56.90452003479004,56.63547897338867,57.209774017333984,200.0,1.0
ssp245,insurance,Malawi,exp_median,34.63498306274414,34.478187561035156,34.82956314086914,200.0,1.0
ssp245,insurance,Malawi,exp_shortfall,0.0024912443477660418,0.002469994593411684,0.0025249430909752846,200.0,1.0
ssp245,insurance,Malawi,logsum,-3.9545470476150513,-4.308326244354248,-3.558112621307373,200.0,1.0
ssp245,insurance,Malawi,p_below_theta,0.05305051803588867,0.052814628928899765,0.05335530638694763,200.0,1.0
ssp245,insurance,Malawi,payout,0.9744743704795837,0.9744743704795837,0.9744743704795837,200.0,1.0
ssp245,insurance,Malawi,premium,1.1693693399429321,1.1693693399429321,1.1693693399429321,200.0,1.0
ssp245,insurance,Malawi,switch_share,0.05780018866062164,0.05336201936006546,0.061771903187036514,200.0,1.0
ssp245,insurance,Mali,ce_rho1.5,122.94886779785156,122.32427978515625,123.50897979736328,200.0,1.0
ssp245,insurance,Mali,ce_rho2.5,93.21078109741211,92.88115692138672,93.66056060791016,200.0,1.0
ssp245,insurance,Mali,ce_rho3.5,72.44977569580078,72.18141174316406,72.71210479736328,200.0,1.0
ssp245,insurance,Mali,cost,1.2331937551498413,1.2331937551498413,1.2331937551498413,200.0,1.0
ssp245,insurance,Mali,cost_behav,10.943272113800049,10.881937980651855,11.00771427154541,200.0,1.0
ssp245,insurance,Mali,cv_log,0.4462023079395294,0.4010418653488159,0.4960394501686096,200.0,1.0
ssp245,insurance,Mali,cv_pct,0.5623675286769867,0.4933798015117645,0.6422043442726135,200.0,1.0
ssp245,insurance,Mali,exp_income,182.74527740478516,181.87525939941406,183.81532287597656,200.0,1.0
ssp245,insurance,Mali,exp_median,142.66961669921875,142.01480102539062,143.5031280517578,200.0,1.0
ssp245,insurance,Mali,exp_shortfall,0.008843270596116781,0.008770449087023735,0.008905674330890179,200.0,1.0
ssp245,insurance,Mali,logsum,5.136035203933716,4.788349628448486,5.45684289932251,200.0,1.0
ssp245,insurance,Mali,p_below_theta,0.031337033957242966,0.0310787595808506,0.03156174719333649,200.0,1.0
ssp245,insurance,Mali,payout,6.165968418121338,6.165968418121338,6.165968418121338,200.0,1.0
ssp245,insurance,Mali,premium,7.399162292480469,7.399162292480469,7.399162292480469,200.0,1.0
ssp245,insurance,Mali,switch_share,0.13913119584321976,0.1350942701101303,0.14318056404590607,200.0,1.0
ssp245,insurance,Nigeria,ce_rho1.5,92.99298477172852,92.83600616455078,93.15440368652344,200.0,1.0
ssp245,insurance,Nigeria,ce_rho2.5,60.03890037536621,59.95306396484375,60.110862731933594,200.0,1.0
ssp245,insurance,Nigeria,ce_rho3.5,41.32821083068848,41.267520904541016,41.38368225097656,200.0,1.0
ssp245,insurance,Nigeria,cost,1.1772692203521729,1.1772692203521729,1.1772692203521729,200.0,1.0
ssp245,insurance,Nigeria,cost_behav,7.433715343475342,7.407497882843018,7.453754901885986,200.0,1.0
ssp245,insurance,Nigeria,cv_log,0.4020601063966751,0.38299360871315,0.42018768191337585,200.0,1.0
ssp245,insurance,Nigeria,cv_pct,0.49490126967430115,0.46666866540908813,0.5222472548484802,200.0,1.0
ssp245,insurance,Nigeria,exp_income,181.79923248291016,181.34255981445312,182.34237670898438,200.0,1.0
ssp245,insurance,Nigeria,exp_median,119.16806030273438,118.86479187011719,119.36426544189453,200.0,1.0
ssp245,insurance,Nigeria,exp_shortfall,0.04004850797355175,0.03989714756608009,0.04024675115942955,200.0,1.0
ssp245,insurance,Nigeria,logsum,6.074707269668579,5.857380390167236,6.269631862640381,200.0,1.0
ssp245,insurance,Nigeria,p_below_theta,0.07738665863871574,0.07715083658695221,0.07763821631669998,200.0,1.0
ssp245,insurance,Nigeria,payout,5.886345863342285,5.886345863342285,5.886345863342285,200.0,1.0
ssp245,insurance,Nigeria,premium,7.063615322113037,7.063615322113037,7.063615322113037,200.0,1.0
ssp245,insurance,Nigeria,switch_share,0.14911583811044693,0.14655092358589172,0.15195238590240479,200.0,1.0
ssp245,insurance,Tanzania,ce_rho1.5,26.04019546508789,25.946823120117188,26.178129196166992,200.0,1.0
ssp245,insurance,Tanzania,ce_rho2.5,12.83575963973999,12.778299331665039,12.881592750549316,200.0,1.0
ssp245,insurance,Tanzania,ce_rho3.5,6.836763858795166,6.805160045623779,6.86515474319458,200.0,1.0
ssp245,insurance,Tanzania,cost,0.22104644775390625,0.22104644775390625,0.22104644775390625,200.0,1.0
ssp245,insurance,Tanzania,cost_behav,1.0516580939292908,1.046331763267517,1.056074857711792,200.0,1.0
ssp245,insurance,Tanzania,cv_log,-15.005022048950195,-55.3775520324707,-2.1986255645751953,200.0,0.065
ssp245,insurance,Tanzania,cv_pct,-0.9999997019767761,-1.0,-0.8937610387802124,200.0,0.065
ssp245,insurance,Tanzania,exp_income,79.40158081054688,78.99459075927734,79.83247375488281,200.0,1.0
ssp245,insurance,Tanzania,exp_median,38.75779724121094,38.59342575073242,38.98250198364258,200.0,1.0
ssp245,insurance,Tanzania,exp_shortfall,4.69333663204452e-05,4.63545584352687e-05,4.7607692977180704e-05,200.0,1.0
ssp245,insurance,Tanzania,logsum,-4.301527261734009,-4.819110870361328,-3.823155403137207,200.0,1.0
ssp245,insurance,Tanzania,p_below_theta,0.019500616937875748,0.01942623220384121,0.019573604688048363,200.0,1.0
ssp245,insurance,Tanzania,payout,1.1052322387695312,1.1052322387695312,1.1052322387695312,200.0,1.0
ssp245,insurance,Tanzania,premium,1.3262786865234375,1.3262786865234375,1.3262786865234375,200.0,1.0
ssp245,insurance,Tanzania,switch_share,0.10005165636539459,0.09672011435031891,0.10332909971475601,200.0,1.0
ssp245,insurance,Uganda,ce_rho1.5,22.622661590576172,22.601646423339844,22.652666091918945,200.0,1.0
ssp245,insurance,Uganda,ce_rho2.5,12.819157600402832,12.802216529846191,12.833969116210938,200.0,1.0
ssp245,insurance,Uganda,ce_rho3.5,7.832032203674316,7.81935977935791,7.845276832580566,200.0,1.0
ssp245,insurance,Uganda,cost,0.5106402635574341,0.5106402635574341,0.5106402635574341,200.0,1.0
ssp245,insurance,Uganda,cost_behav,2.3654452562332153,2.3635849952697754,2.367556571960449,200.0,1.0
ssp245,insurance,Uganda,cv_log,0.8050104975700378,0.7717021703720093,0.8303903341293335,200.0,1.0
ssp245,insurance,Uganda,cv_pct,1.2367200255393982,1.1634457111358643,1.294214129447937,200.0,1.0
ssp245,insurance,Uganda,exp_income,49.791826248168945,49.7119026184082,49.88212203979492,200.0,1.0
ssp245,insurance,Uganda,exp_median,31.105740547180176,31.067554473876953,31.14633560180664,200.0,1.0
ssp245,insurance,Uganda,exp_shortfall,0.34231574833393097,0.3420199155807495,0.3427000045776367,200.0,1.0
ssp245,insurance,Uganda,logsum,1.3593528270721436,1.17450749874115,1.5464762449264526,200.0,1.0
ssp245,insurance,Uganda,p_below_theta,0.31256072223186493,0.31235215067863464,0.31279534101486206,200.0,1.0
ssp245,insurance,Uganda,payout,2.553201198577881,2.553201198577881,2.553201198577881,200.0,1.0
ssp245,insurance,Uganda,premium,3.0638415813446045,3.0638415813446045,3.0638415813446045,200.0,1.0
ssp245,insurance,Uganda,switch_share,0.06475529819726944,0.06391662359237671,0.06562906503677368,200.0,1.0
ssp245,none,Ethiopia,ce_rho1.5,30.394951820373535,30.320701599121094,30.49250030517578,200.0,1.0
ssp245,none,Ethiopia,ce_rho2.5,17.863906860351562,17.813610076904297,17.926189422607422,200.0,1.0
ssp245,none,Ethiopia,ce_rho3.5,11.458968162536621,11.417401313781738,11.510883331298828,200.0,1.0
ssp245,none,Ethiopia,cost,0.0,0.0,0.0,200.0,1.0
ssp245,none,Ethiopia,cost_behav,0.0,0.0,0.0,200.0,1.0
ssp245,none,Ethiopia,cv_log,-0.23400652408599854,-0.24718184769153595,-0.21589700877666473,200.0,1.0
ssp245,none,Ethiopia,cv_pct,-0.208643339574337,-0.21900133788585663,-0.19418171048164368,200.0,1.0
ssp245,none,Ethiopia,exp_income,69.22725296020508,69.03353881835938,69.47445678710938,200.0,1.0
ssp245,none,Ethiopia,exp_median,42.021738052368164,41.91086196899414,42.15562438964844,200.0,1.0
ssp245,none,Ethiopia,exp_shortfall,0.7027439475059509,0.6999347805976868,0.7044825553894043,200.0,1.0
ssp245,none,Ethiopia,logsum,1.4510585069656372,1.3649725914001465,1.545792818069458,200.0,1.0
ssp245,none,Ethiopia,p_below_theta,0.2689371407032013,0.26835834980010986,0.269422322511673,200.0,1.0
ssp245,none,Ethiopia,payout,0.0,0.0,0.0,200.0,1.0
ssp245,none,Ethiopia,premium,0.0,0.0,0.0,200.0,1.0
ssp245,none,Ethiopia,switch_share,0.0,0.0,0.0,200.0,1.0
ssp245,none,Malawi,ce_rho1.5,25.7008113861084,25.562984466552734,25.81743812561035,200.0,1.0
ssp245,none,Malawi,ce_rho2.5,14.599467277526855,14.514892578125,14.676677703857422,200.0,1.0
ssp245,none,Malawi,ce_rho3.5,8.785816192626953,8.736595153808594,8.844547271728516,200.0,1.0
ssp245,none,Malawi,cost,0.0,0.0,0.0,200.0,1.0
ssp245,none,Malawi,cost_behav,0.0,0.0,0.0,200.0,1.0
ssp245,none,Malawi,cv_log,,,,200.0,0.0
ssp245,none,Malawi,cv_pct,,,,200.0,0.0
ssp245,none,Malawi,exp_income,58.425113677978516,58.15457534790039,58.6611442565918,200.0,1.0
ssp245,none,Malawi,exp_median,35.80302619934082,35.65275573730469,35.9848747253418,200.0,1.0
ssp245,none,Malawi,exp_shortfall,0.4156796932220459,0.41390860080718994,0.41722023487091064,200.0,1.0
ssp245,none,Malawi,logsum,-4.188330411911011,-4.606041431427002,-3.8159408569335938,200.0,1.0
ssp245,none,Malawi,p_below_theta,0.22580523788928986,0.22529396414756775,0.22636011242866516,200.0,1.0
ssp245,none,Malawi,payout,0.0,0.0,0.0,200.0,1.0
ssp245,none,Malawi,premium,0.0,0.0,0.0,200.0,1.0
ssp245,none,Malawi,switch_share,0.0,0.0,0.0,200.0,1.0
ssp245,none,Mali,ce_rho1.5,122.17026138305664,121.57554626464844,122.65604400634766,200.0,1.0
ssp245,none,Mali,ce_rho2.5,86.63156509399414,86.20111083984375,87.03767395019531,200.0,1.0
ssp245,none,Mali,ce_rho3.5,62.76194381713867,62.434871673583984,63.06970977783203,200.0,1.0
ssp245,none,Mali,cost,0.0,0.0,0.0,200.0,1.0
ssp245,none,Mali,cost_behav,0.0,0.0,0.0,200.0,1.0
ssp245,none,Mali,cv_log,-0.5284965932369232,-0.5445141196250916,-0.5127235054969788,200.0,1.0
ssp245,none,Mali,cv_pct,-0.4105094373226166,-0.41987642645835876,-0.40113765001296997,200.0,1.0
ssp245,none,Mali,exp_income,188.2843475341797,187.32875061035156,188.99659729003906,200.0,1.0
ssp245,none,Mali,exp_median,146.74968719482422,146.0670928955078,147.36224365234375,200.0,1.0
ssp245,none,Mali,exp_shortfall,4.4843761920928955,4.46491813659668,4.510435581207275,200.0,1.0
ssp245,none,Mali,logsum,3.823548197746277,3.474095344543457,4.21018123626709,200.0,1.0
ssp245,none,Mali,p_below_theta,0.2775272876024246,0.27666398882865906,0.27861765027046204,200.0,1.0
ssp245,none,Mali,payout,0.0,0.0,0.0,200.0,1.0
ssp245,none,Mali,premium,0.0,0.0,0.0,200.0,1.0
ssp245,none,Mali,switch_share,0.0,0.0,0.0,200.0,1.0
ssp245,none,Nigeria,ce_rho1.5,90.85609436035156,90.7029037475586,91.00074005126953,200.0,1.0
ssp245,none,Nigeria,ce_rho2.5,52.78920936584473,52.69406509399414,52.89815902709961,200.0,1.0
ssp245,none,Nigeria,ce_rho3.5,32.62611961364746,32.551700592041016,32.7056770324707,200.0,1.0
ssp245,none,Nigeria,cost,0.0,0.0,0.0,200.0,1.0
ssp245,none,Nigeria,cost_behav,0.0,0.0,0.0,200.0,1.0
ssp245,none,Nigeria,cv_log,-0.19276349991559982,-0.1978081613779068,-0.18803726136684418,200.0,1.0
ssp245,none,Nigeria,cv_pct,-0.1753230169415474,-0.17947275936603546,-0.17141616344451904,200.0,1.0
ssp245,none,Nigeria,exp_income,191.2114486694336,190.7478485107422,191.63259887695312,200.0,1.0
ssp245,none,Nigeria,exp_median,123.6560287475586,123.47429656982422,123.9072494506836,200.0,1.0
ssp245,none,Nigeria,exp_shortfall,3.2417454719543457,3.2339165210723877,3.249544858932495,200.0,1.0
ssp245,none,Nigeria,logsum,5.053966283798218,4.815021514892578,5.261677265167236,200.0,1.0
ssp245,none,Nigeria,p_below_theta,0.2626488506793976,0.26224854588508606,0.26305481791496277,200.0,1.0
ssp245,none,Nigeria,payout,0.0,0.0,0.0,200.0,1.0
ssp245,none,Nigeria,premium,0.0,0.0,0.0,200.0,1.0
ssp245,none,Nigeria,switch_share,0.0,0.0,0.0,200.0,1.0
ssp245,none,Tanzania,ce_rho1.5,23.796607971191406,23.698726654052734,23.922536849975586,200.0,1.0
ssp245,none,Tanzania,ce_rho2.5,9.67631483078003,9.621931076049805,9.737988471984863,200.0,1.0
ssp245,none,Tanzania,ce_rho3.5,4.30314826965332,4.26601505279541,4.334644794464111,200.0,1.0
ssp245,none,Tanzania,cost,0.0,0.0,0.0,200.0,1.0
ssp245,none,Tanzania,cost_behav,0.0,0.0,0.0,200.0,1.0
ssp245,none,Tanzania,cv_log,-3.745006561279297,-13.713668823242188,-0.525238037109375,200.0,0.065
ssp245,none,Tanzania,cv_pct,-0.9763645529747009,-1.0,-0.5228554010391235,200.0,0.065
ssp245,none,Tanzania,exp_income,81.4798355102539,81.10899353027344,81.82618713378906,200.0,1.0
ssp245,none,Tanzania,exp_median,39.92449188232422,39.75630187988281,40.097137451171875,200.0,1.0
ssp245,none,Tanzania,exp_shortfall,0.48421047627925873,0.4826863408088684,0.48561570048332214,200.0,1.0
ssp245,none,Tanzania,logsum,-4.196082353591919,-4.7487592697143555,-3.6802985668182373,200.0,1.0
ssp245,none,Tanzania,p_below_theta,0.2260335087776184,0.2256004959344864,0.22648321092128754,200.0,1.0
ssp245,none,Tanzania,payout,0.0,0.0,0.0,200.0,1.0
ssp245,none,Tanzania,premium,0.0,0.0,0.0,200.0,1.0
ssp245,none,Tanzania,switch_share,0.0,0.0,0.0,200.0,1.0
ssp245,none,Uganda,ce_rho1.5,22.756793975830078,22.733692169189453,22.786293029785156,200.0,1.0
ssp245,none,Uganda,ce_rho2.5,12.11440372467041,12.092575073242188,12.136086463928223,200.0,1.0
ssp245,none,Uganda,ce_rho3.5,6.7190821170806885,6.702980995178223,6.738126277923584,200.0,1.0
ssp245,none,Uganda,cost,0.0,0.0,0.0,200.0,1.0
ssp245,none,Uganda,cost_behav,0.0,0.0,0.0,200.0,1.0
ssp245,none,Uganda,cv_log,-0.19773735851049423,-0.21578650176525116,-0.17511503398418427,200.0,1.0
ssp245,none,Uganda,cv_pct,-0.17941465228796005,-0.19409266114234924,-0.16063953936100006,200.0,1.0
ssp245,none,Uganda,exp_income,50.875492095947266,50.79372787475586,50.956180572509766,200.0,1.0
ssp245,none,Uganda,exp_median,32.030385971069336,31.995460510253906,32.072174072265625,200.0,1.0
ssp245,none,Uganda,exp_shortfall,1.5629440546035767,1.561910629272461,1.5637836456298828,200.0,1.0
ssp245,none,Uganda,logsum,0.45168478786945343,0.2593485116958618,0.6563892364501953,200.0,1.0
ssp245,none,Uganda,p_below_theta,0.3332359045743942,0.3330444097518921,0.3333762586116791,200.0,1.0
ssp245,none,Uganda,payout,0.0,0.0,0.0,200.0,1.0
ssp245,none,Uganda,premium,0.0,0.0,0.0,200.0,1.0
ssp245,none,Uganda,switch_share,0.0,0.0,0.0,200.0,1.0
ssp245,safety_net,Ethiopia,ce_rho1.5,32.97869110107422,32.8909797668457,33.0620231628418,200.0,1.0
ssp245,safety_net,Ethiopia,ce_rho2.5,22.00225830078125,21.958913803100586,22.04787826538086,200.0,1.0
ssp245,safety_net,Ethiopia,ce_rho3.5,15.83166217803955,15.795379638671875,15.87999439239502,200.0,1.0
ssp245,safety_net,Ethiopia,cost,1.9400118589401245,1.9400118589401245,1.9400118589401245,200.0,1.0
ssp245,safety_net,Ethiopia,cost_behav,2.2953948974609375,2.2868618965148926,2.3048510551452637,200.0,1.0
ssp245,safety_net,Ethiopia,cv_log,1.218301773071289,1.142863392829895,1.2678693532943726,200.0,1.0
ssp245,safety_net,Ethiopia,cv_pct,2.3814404010772705,2.1357343196868896,2.5532736778259277,200.0,1.0
ssp245,safety_net,Ethiopia,exp_income,65.3668441772461,65.12066650390625,65.65070343017578,200.0,1.0
ssp245,safety_net,Ethiopia,exp_median,42.00770568847656,41.88337326049805,42.15363311767578,200.0,1.0
ssp245,safety_net,Ethiopia,exp_shortfall,0.0,0.0,0.0,200.0,1.0
ssp245,safety_net,Ethiopia,logsum,2.041797399520874,1.9697688817977905,2.1134896278381348,200.0,1.0
ssp245,safety_net,Ethiopia,p_below_theta,0.0,0.0,0.0,200.0,1.0
ssp245,safety_net,Ethiopia,payout,0.0,0.0,0.0,200.0,1.0
ssp245,safety_net,Ethiopia,premium,0.0,0.0,0.0,200.0,1.0
ssp245,safety_net,Ethiopia,switch_share,0.1580229103565216,0.1561352014541626,0.16035416722297668,200.0,1.0
ssp245,safety_net,Malawi,ce_rho1.5,28.368138313293457,28.240121841430664,28.507265090942383,200.0,1.0
ssp245,safety_net,Malawi,ce_rho2.5,18.48208713531494,18.40723419189453,18.56586456298828,200.0,1.0
ssp245,safety_net,Malawi,ce_rho3.5,12.419387340545654,12.36871337890625,12.46861457824707,200.0,1.0
ssp245,safety_net,Malawi,cost,1.392106294631958,1.392106294631958,1.392106294631958,200.0,1.0
ssp245,safety_net,Malawi,cost_behav,1.2626269459724426,1.2516729831695557,1.2731903791427612,200.0,1.0
ssp245,safety_net,Malawi,cv_log,,,,200.0,0.0
ssp245,safety_net,Malawi,cv_pct,,,,200.0,0.0
ssp245,safety_net,Malawi,exp_income,57.832786560058594,57.52128982543945,58.130741119384766,200.0,1.0
ssp245,safety_net,Malawi,exp_median,35.747907638549805,35.56967544555664,35.9293098449707,200.0,1.0
ssp245,safety_net,Malawi,exp_shortfall,0.0,0.0,0.0,200.0,1.0
ssp245,safety_net,Malawi,logsum,-3.7660833597183228,-4.119983196258545,-3.3890700340270996,200.0,1.0
ssp245,safety_net,Malawi,p_below_theta,0.0,0.0,0.0,200.0,1.0
ssp245,safety_net,Malawi,payout,0.0,0.0,0.0,200.0,1.0
ssp245,safety_net,Malawi,premium,0.0,0.0,0.0,200.0,1.0
ssp245,safety_net,Malawi,switch_share,0.07863845303654671,0.07316545397043228,0.08450060337781906,200.0,1.0
ssp245,safety_net,Mali,ce_rho1.5,133.40670776367188,132.86814880371094,134.07839965820312,200.0,1.0
ssp245,safety_net,Mali,ce_rho2.5,106.4033432006836,106.05077362060547,106.84282684326172,200.0,1.0
ssp245,safety_net,Mali,ce_rho3.5,87.00250244140625,86.75379943847656,87.2790756225586,200.0,1.0
ssp245,safety_net,Mali,cost,8.808526039123535,8.808526039123535,8.808526039123535,200.0,1.0
ssp245,safety_net,Mali,cost_behav,16.21559715270996,16.125703811645508,16.313119888305664,200.0,1.0
ssp245,safety_net,Mali,cv_log,1.0068873763084412,0.9374940395355225,1.0893547534942627,200.0,1.0
ssp245,safety_net,Mali,cv_pct,1.7370682954788208,1.5535742044448853,1.972355604171753,200.0,1.0
ssp245,safety_net,Mali,exp_income,189.95773315429688,189.06898498535156,191.02850341796875,200.0,1.0
ssp245,safety_net,Mali,exp_median,150.91106414794922,150.252197265625,151.76304626464844,200.0,1.0
ssp245,safety_net,Mali,exp_shortfall,0.0,0.0,0.0,200.0,1.0
ssp245,safety_net,Mali,logsum,5.888661861419678,5.496264457702637,6.137269496917725,200.0,1.0
ssp245,safety_net,Mali,p_below_theta,0.0,0.0,0.0,200.0,1.0
ssp245,safety_net,Mali,payout,0.0,0.0,0.0,200.0,1.0
ssp245,safety_net,Mali,premium,0.0,0.0,0.0,200.0,1.0
ssp245,safety_net,Mali,switch_share,0.17674575746059418,0.17077533900737762,0.18063189089298248,200.0,1.0
ssp245,safety_net,Nigeria,ce_rho1.5,103.62618255615234,103.45172119140625,103.78692626953125,200.0,1.0
ssp245,safety_net,Nigeria,ce_rho2.5,73.22262954711914,73.14541625976562,73.29381561279297,200.0,1.0
ssp245,safety_net,Nigeria,ce_rho3.5,54.719722747802734,54.66243362426758,54.77711486816406,200.0,1.0
ssp245,safety_net,Nigeria,cost,8.409066200256348,8.409066200256348,8.409066200256348,200.0,1.0
ssp245,safety_net,Nigeria,cost_behav,10.886239528656006,10.85307788848877,10.91478157043457,200.0,1.0
ssp245,safety_net,Nigeria,cv_log,0.821741908788681,0.7902877330780029,0.8491663932800293,200.0,1.0
ssp245,safety_net,Nigeria,cv_pct,1.2744583487510681,1.2040305137634277,1.3376972675323486,200.0,1.0
ssp245,safety_net,Nigeria,exp_income,185.55341339111328,185.02696228027344,185.99716186523438,200.0,1.0
ssp245,safety_net,Nigeria,exp_median,126.34774017333984,126.10734558105469,126.61250305175781,200.0,1.0
ssp245,safety_net,Nigeria,exp_shortfall,0.0,0.0,0.0,200.0,1.0
ssp245,safety_net,Nigeria,logsum,6.792924165725708,6.584779262542725,6.994749546051025,200.0,1.0
ssp245,safety_net,Nigeria,p_below_theta,0.0,0.0,0.0,200.0,1.0
ssp245,safety_net,Nigeria,payout,0.0,0.0,0.0,200.0,1.0
ssp245,safety_net,Nigeria,premium,0.0,0.0,0.0,200.0,1.0
ssp245,safety_net,Nigeria,switch_share,0.19007012993097305,0.18679682910442352,0.19309855997562408,200.0,1.0
ssp245,safety_net,Tanzania,ce_rho1.5,28.34674644470215,28.24519157409668,28.476797103881836,200.0,1.0
ssp245,safety_net,Tanzania,ce_rho2.5,15.586688041687012,15.534866333007812,15.631634712219238,200.0,1.0
ssp245,safety_net,Tanzania,ce_rho3.5,9.294290542602539,9.260869979858398,9.320027351379395,200.0,1.0
ssp245,safety_net,Tanzania,cost,1.578903317451477,1.578903317451477,1.578903317451477,200.0,1.0
ssp245,safety_net,Tanzania,cost_behav,1.5350016951560974,1.5267168283462524,1.5415128469467163,200.0,1.0
ssp245,safety_net,Tanzania,cv_log,7.754319667816162,1.173456072807312,29.135345458984375,200.0,0.065
ssp245,safety_net,Tanzania,cv_pct,2330.62255859375,2.233147382736206,4501111570432.0,200.0,0.065
ssp245,safety_net,Tanzania,exp_income,79.66983032226562,79.25688934326172,80.11832427978516,200.0,1.0
ssp245,safety_net,Tanzania,exp_median,39.8373908996582,39.64259719848633,40.041717529296875,200.0,1.0
ssp245,safety_net,Tanzania,exp_shortfall,0.0,0.0,0.0,200.0,1.0
ssp245,safety_net,Tanzania,logsum,-4.023436784744263,-4.525120735168457,-3.5836288928985596,200.0,1.0
ssp245,safety_net,Tanzania,p_below_theta,0.0,0.0,0.0,200.0,1.0
ssp245,safety_net,Tanzania,payout,0.0,0.0,0.0,200.0,1.0
ssp245,safety_net,Tanzania,premium,0.0,0.0,0.0,200.0,1.0
ssp245,safety_net,Tanzania,switch_share,0.12943165004253387,0.12476900964975357,0.13329115509986877,200.0,1.0
ssp245,safety_net,Uganda,ce_rho1.5,27.351606369018555,27.3336181640625,27.381591796875,200.0,1.0
ssp245,safety_net,Uganda,ce_rho2.5,18.05463695526123,18.039697647094727,18.06768798828125,200.0,1.0
ssp245,safety_net,Uganda,ce_rho3.5,12.76461124420166,12.749703407287598,12.775808334350586,200.0,1.0
ssp245,safety_net,Uganda,cost,3.647430658340454,3.647430658340454,3.647430658340454,200.0,1.0
ssp245,safety_net,Uganda,cost_behav,3.4019120931625366,3.3992552757263184,3.4048166275024414,200.0,1.0
ssp245,safety_net,Uganda,cv_log,1.480610728263855,1.4161392450332642,1.528030514717102,200.0,1.0
ssp245,safety_net,Uganda,cv_pct,3.395629405975342,3.1211788654327393,3.6090903282165527,200.0,1.0
ssp245,safety_net,Uganda,exp_income,52.564104080200195,52.483314514160156,52.65178298950195,200.0,1.0
ssp245,safety_net,Uganda,exp_median,34.70893096923828,34.676368713378906,34.751285552978516,200.0,1.0
ssp245,safety_net,Uganda,exp_shortfall,0.0,0.0,0.0,200.0,1.0
ssp245,safety_net,Uganda,logsum,1.9742991924285889,1.7778862714767456,2.1725690364837646,200.0,1.0
ssp245,safety_net,Uganda,p_below_theta,0.0,0.0,0.0,200.0,1.0
ssp245,safety_net,Uganda,payout,0.0,0.0,0.0,200.0,1.0
ssp245,safety_net,Uganda,premium,0.0,0.0,0.0,200.0,1.0
ssp245,safety_net,Uganda,switch_share,0.09889879077672958,0.09770546853542328,0.10047207772731781,200.0,1.0
ssp245,transfer,Ethiopia,ce_rho1.5,32.783437728881836,32.69963836669922,32.87086868286133,200.0,1.0
ssp245,transfer,Ethiopia,ce_rho2.5,20.39150619506836,20.343854904174805,20.442882537841797,200.0,1.0
ssp245,transfer,Ethiopia,ce_rho3.5,13.600456714630127,13.566644668579102,13.65786361694336,200.0,1.0
ssp245,transfer,Ethiopia,cost,1.9856468439102173,1.9856468439102173,1.9856468439102173,200.0,1.0
ssp245,transfer,Ethiopia,cost_behav,1.9856468439102173,1.9856468439102173,1.9856468439102173,200.0,1.0
ssp245,transfer,Ethiopia,cv_log,-0.1494782343506813,-0.1656332015991211,-0.1329529583454132,200.0,1.0
ssp245,transfer,Ethiopia,cv_pct,-0.13884281367063522,-0.15264301002025604,-0.12449372559785843,200.0,1.0
ssp245,transfer,Ethiopia,exp_income,68.84984970092773,68.65225982666016,69.13765716552734,200.0,1.0
ssp245,transfer,Ethiopia,exp_median,43.33833694458008,43.209259033203125,43.46841812133789,200.0,1.0
ssp245,transfer,Ethiopia,exp_shortfall,0.3740422874689102,0.37242391705513,0.375744104385376,200.0,1.0
ssp245,transfer,Ethiopia,logsum,1.4827839136123657,1.4027214050292969,1.573769211769104,200.0,1.0
ssp245,transfer,Ethiopia,p_below_theta,0.22146210074424744,0.22080762684345245,0.22204452753067017,200.0,1.0
ssp245,transfer,Ethiopia,payout,0.0,0.0,0.0,200.0,1.0
ssp245,transfer,Ethiopia,premium,0.0,0.0,0.0,200.0,1.0
ssp245,transfer,Ethiopia,switch_share,0.06686584278941154,0.06593043357133865,0.0677327960729599,200.0,1.0
ssp245,transfer,Malawi,ce_rho1.5,28.214126586914062,28.086490631103516,28.342689514160156,200.0,1.0
ssp245,transfer,Malawi,ce_rho2.5,16.944392204284668,16.858503341674805,17.018339157104492,200.0,1.0
ssp245,transfer,Malawi,ce_rho3.5,10.59562063217163,10.541430473327637,10.645349502563477,200.0,1.0
ssp245,transfer,Malawi,cost,1.9123499393463135,1.9123499393463135,1.9123499393463135,200.0,1.0
ssp245,transfer,Malawi,cost_behav,1.9123499393463135,1.9123499393463135,1.9123499393463135,200.0,1.0
ssp245,transfer,Malawi,cv_log,,,,200.0,0.0
ssp245,transfer,Malawi,cv_pct,,,,200.0,0.0
ssp245,transfer,Malawi,exp_income,59.65277290344238,59.42594909667969,59.95710372924805,200.0,1.0
ssp245,transfer,Malawi,exp_median,37.5092887878418,37.32855987548828,37.66027069091797,200.0,1.0
ssp245,transfer,Malawi,exp_shortfall,0.18939314037561417,0.18860918283462524,0.19042514264583588,200.0,1.0
ssp245,transfer,Malawi,logsum,-4.220248460769653,-4.633254051208496,-3.8437275886535645,200.0,1.0
ssp245,transfer,Malawi,p_below_theta,0.16833771020174026,0.16784487664699554,0.16884896159172058,200.0,1.0
ssp245,transfer,Malawi,payout,0.0,0.0,0.0,200.0,1.0
ssp245,transfer,Malawi,premium,0.0,0.0,0.0,200.0,1.0
ssp245,transfer,Malawi,switch_share,0.02143311593681574,0.01987938955426216,0.023170318454504013,200.0,1.0
ssp245,transfer,Mali,ce_rho1.5,133.72760772705078,133.20501708984375,134.3440399169922,200.0,1.0
ssp245,transfer,Mali,ce_rho2.5,100.42459869384766,99.99967956542969,100.81156921386719,200.0,1.0
ssp245,transfer,Mali,ce_rho3.5,76.55638885498047,76.24642181396484,76.85930633544922,200.0,1.0
ssp245,transfer,Mali,cost,12.995691299438477,12.995691299438477,12.995691299438477,200.0,1.0
ssp245,transfer,Mali,cost_behav,12.995691299438477,12.995691299438477,12.995691299438477,200.0,1.0
ssp245,transfer,Mali,cv_log,-0.014104708097875118,-0.028141126036643982,0.00010570523591013625,200.0,1.0
ssp245,transfer,Mali,cv_pct,-0.014005699660629034,-0.027748852968215942,0.00010571082384558395,200.0,1.0
ssp245,transfer,Mali,exp_income,195.25090789794922,194.4166259765625,196.18057250976562,200.0,1.0
ssp245,transfer,Mali,exp_median,155.39891815185547,154.77175903320312,156.11257934570312,200.0,1.0
ssp245,transfer,Mali,exp_shortfall,2.2426153421401978,2.227877378463745,2.2572245597839355,200.0,1.0
ssp245,transfer,Mali,logsum,4.5194597244262695,4.088110446929932,4.792227268218994,200.0,1.0
ssp245,transfer,Mali,p_below_theta,0.21414830535650253,0.21329030394554138,0.21528193354606628,200.0,1.0
ssp245,transfer,Mali,payout,0.0,0.0,0.0,200.0,1.0
ssp245,transfer,Mali,premium,0.0,0.0,0.0,200.0,1.0
ssp245,transfer,Mali,switch_share,0.06803707778453827,0.06613445281982422,0.06974820047616959,200.0,1.0
ssp245,transfer,Nigeria,ce_rho1.5,102.16734313964844,102.0229263305664,102.3255386352539,200.0,1.0
ssp245,transfer,Nigeria,ce_rho2.5,65.57051467895508,65.48690795898438,65.67080688476562,200.0,1.0
ssp245,transfer,Nigeria,ce_rho3.5,44.03120803833008,43.95323944091797,44.090667724609375,200.0,1.0
ssp245,transfer,Nigeria,cost,10.273679733276367,10.273679733276367,10.273679733276367,200.0,1.0
ssp245,transfer,Nigeria,cost_behav,10.273679733276367,10.273679733276367,10.273679733276367,200.0,1.0
ssp245,transfer,Nigeria,cv_log,0.14486053586006165,0.13592948019504547,0.15257760882377625,200.0,1.0
ssp245,transfer,Nigeria,cv_pct,0.15587835758924484,0.14520488679409027,0.16443587839603424,200.0,1.0
ssp245,transfer,Nigeria,exp_income,193.10143280029297,192.6299591064453,193.58802795410156,200.0,1.0
ssp245,transfer,Nigeria,exp_median,130.61557006835938,130.36196899414062,130.82078552246094,200.0,1.0
ssp245,transfer,Nigeria,exp_shortfall,1.6283044219017029,1.6216522455215454,1.6341348886489868,200.0,1.0
ssp245,transfer,Nigeria,logsum,5.633274078369141,5.411624908447266,5.846593379974365,200.0,1.0
ssp245,transfer,Nigeria,p_below_theta,0.20519263297319412,0.20469719171524048,0.205560564994812,200.0,1.0
ssp245,transfer,Nigeria,payout,0.0,0.0,0.0,200.0,1.0
ssp245,transfer,Nigeria,premium,0.0,0.0,0.0,200.0,1.0
ssp245,transfer,Nigeria,switch_share,0.09520521387457848,0.09353624284267426,0.09700358659029007,200.0,1.0
ssp245,transfer,Tanzania,ce_rho1.5,27.753546714782715,27.658308029174805,27.878847122192383,200.0,1.0
ssp245,transfer,Tanzania,ce_rho2.5,12.960835933685303,12.90643310546875,13.014883995056152,200.0,1.0
ssp245,transfer,Tanzania,ce_rho3.5,6.493648529052734,6.459329128265381,6.526515007019043,200.0,1.0
ssp245,transfer,Tanzania,cost,2.602651596069336,2.602651596069336,2.602651596069336,200.0,1.0
ssp245,transfer,Tanzania,cost_behav,2.602651596069336,2.602651596069336,2.602651596069336,200.0,1.0
ssp245,transfer,Tanzania,cv_log,-28.33818244934082,-105.18575286865234,-4.027097702026367,200.0,0.065
ssp245,transfer,Tanzania,cv_pct,-1.0,-1.0,-0.994749128818512,200.0,0.065
ssp245,transfer,Tanzania,exp_income,82.86058807373047,82.51705169677734,83.28135681152344,200.0,1.0
ssp245,transfer,Tanzania,exp_median,42.45092010498047,42.309329986572266,42.65953826904297,200.0,1.0
ssp245,transfer,Tanzania,exp_shortfall,0.2136528193950653,0.21290770173072815,0.21429066359996796,200.0,1.0
ssp245,transfer,Tanzania,logsum,-4.472552061080933,-5.010306358337402,-3.959210157394409,200.0,1.0
ssp245,transfer,Tanzania,p_below_theta,0.16465052962303162,0.16425468027591705,0.16498085856437683,200.0,1.0
ssp245,transfer,Tanzania,payout,0.0,0.0,0.0,200.0,1.0
ssp245,transfer,Tanzania,premium,0.0,0.0,0.0,200.0,1.0
ssp245,transfer,Tanzania,switch_share,0.06089596450328827,0.05893765017390251,0.06281348317861557,200.0,1.0
ssp245,transfer,Uganda,ce_rho1.5,25.887734413146973,25.862449645996094,25.914058685302734,200.0,1.0
ssp245,transfer,Uganda,ce_rho2.5,15.443620204925537,15.42095947265625,15.461047172546387,200.0,1.0
ssp245,transfer,Uganda,ce_rho3.5,9.59696912765503,9.579779624938965,9.61353588104248,200.0,1.0
ssp245,transfer,Uganda,cost,2.545980930328369,2.545980930328369,2.545980930328369,200.0,1.0
ssp245,transfer,Uganda,cost_behav,2.545980930328369,2.545980930328369,2.545980930328369,200.0,1.0
ssp245,transfer,Uganda,cv_log,0.3066119998693466,0.29078924655914307,0.3191859722137451,200.0,1.0
ssp245,transfer,Uganda,cv_pct,0.35881365835666656,0.3374826908111572,0.37600719928741455,200.0,1.0
ssp245,transfer,Uganda,exp_income,52.29988670349121,52.22201919555664,52.3891487121582,200.0,1.0
ssp245,transfer,Uganda,exp_median,34.25566482543945,34.21984100341797,34.2904052734375,200.0,1.0
ssp245,transfer,Uganda,exp_shortfall,0.8800978064537048,0.8794520497322083,0.8807613849639893,200.0,1.0
ssp245,transfer,Uganda,logsum,0.9086855351924896,0.7417885065078735,1.1304737329483032,200.0,1.0
ssp245,transfer,Uganda,p_below_theta,0.28856752812862396,0.2884216904640198,0.2886870801448822,200.0,1.0
ssp245,transfer,Uganda,payout,0.0,0.0,0.0,200.0,1.0
ssp245,transfer,Uganda,premium,0.0,0.0,0.0,200.0,1.0
ssp245,transfer,Uganda,switch_share,0.06334875896573067,0.06244032084941864,0.06429369747638702,200.0,1.0
ssp585,both,Ethiopia,ce_rho1.5,30.62404441833496,30.542226791381836,30.701358795166016,200.0,1.0
ssp585,both,Ethiopia,ce_rho2.5,19.858322143554688,19.817724227905273,19.902828216552734,200.0,1.0
ssp585,both,Ethiopia,ce_rho3.5,13.896612167358398,13.862944602966309,13.943682670593262,200.0,1.0
ssp585,both,Ethiopia,cost,0.9719924926757812,0.9719924926757812,0.9719924926757812,200.0,1.0
ssp585,both,Ethiopia,cost_behav,1.86952406167984,1.862108588218689,1.877615213394165,200.0,1.0
ssp585,both,Ethiopia,cv_log,0.8766053915023804,0.8123904466629028,0.9134161472320557,200.0,1.0
ssp585,both,Ethiopia,cv_pct,1.402729570865631,1.2532879114151,1.492823839187622,200.0,1.0
ssp585,both,Ethiopia,exp_income,61.88685417175293,61.67485427856445,62.14789581298828,200.0,1.0
ssp585,both,Ethiopia,exp_median,39.5742301940918,39.4512825012207,39.6994743347168,200.0,1.0
ssp585,both,Ethiopia,exp_shortfall,0.0,0.0,0.0,200.0,1.0
ssp585,both,Ethiopia,logsum,1.9022794961929321,1.8331998586654663,1.980013370513916,200.0,1.0
ssp585,both,Ethiopia,p_below_theta,0.0,0.0,0.0,200.0,1.0
ssp585,both,Ethiopia,payout,0.7879226803779602,0.7879226803779602,0.7879226803779602,200.0,1.0
ssp585,both,Ethiopia,premium,0.9455072283744812,0.9455072283744812,0.9455072283744812,200.0,1.0
ssp585,both,Ethiopia,switch_share,0.13766641914844513,0.13593284785747528,0.14000868797302246,200.0,1.0
ssp585,both,Malawi,ce_rho1.5,26.601510047912598,26.478235244750977,26.7353515625,200.0,1.0
ssp585,both,Malawi,ce_rho2.5,16.569374084472656,16.49065589904785,16.639537811279297,200.0,1.0
ssp585,both,Malawi,ce_rho3.5,10.671599388122559,10.628754615783691,10.722847938537598,200.0,1.0
ssp585,both,Malawi,cost,0.6423821449279785,0.6423821449279785,0.6423821449279785,200.0,1.0
ssp585,both,Malawi,cost_behav,1.0270342230796814,1.0181760787963867,1.035119652748108,200.0,1.0
ssp585,both,Malawi,cv_log,,,,200.0,0.0
ssp585,both,Malawi,cv_pct,,,,200.0,0.0
ssp585,both,Malawi,exp_income,57.46029853820801,57.12898635864258,57.72467041015625,200.0,1.0
ssp585,both,Malawi,exp_median,34.41024971008301,34.232662200927734,34.5783805847168,200.0,1.0
ssp585,both,Malawi,exp_shortfall,0.0,0.0,0.0,200.0,1.0
ssp585,both,Malawi,logsum,-3.865734815597534,-4.247900009155273,-3.5142874717712402,200.0,1.0
ssp585,both,Malawi,p_below_theta,0.0,0.0,0.0,200.0,1.0
ssp585,both,Malawi,payout,0.6102405190467834,0.6102405190467834,0.6102405190467834,200.0,1.0
ssp585,both,Malawi,premium,0.732288658618927,0.732288658618927,0.732288658618927,200.0,1.0
ssp585,both,Malawi,switch_share,0.07290273904800415,0.06766519695520401,0.07812052965164185,200.0,1.0
ssp585,both,Mali,ce_rho1.5,121.14724349975586,120.65941619873047,121.76893615722656,200.0,1.0
ssp585,both,Mali,ce_rho2.5,94.13138198852539,93.78584289550781,94.50508880615234,200.0,1.0
ssp585,both,Mali,ce_rho3.5,75.01329803466797,74.7975845336914,75.27684020996094,200.0,1.0
ssp585,both,Mali,cost,3.9380764961242676,3.9380764961242676,3.9380764961242676,200.0,1.0
ssp585,both,Mali,cost_behav,12.942534446716309,12.863912582397461,13.023923873901367,200.0,1.0
ssp585,both,Mali,cv_log,0.6951246857643127,0.6372553110122681,0.7625301480293274,200.0,1.0
ssp585,both,Mali,cv_pct,1.0039589405059814,0.8836683034896851,1.1353495121002197,200.0,1.0
ssp585,both,Mali,exp_income,176.92671966552734,176.0567626953125,177.8555450439453,200.0,1.0
ssp585,both,Mali,exp_median,138.8916778564453,138.26629638671875,139.64999389648438,200.0,1.0
ssp585,both,Mali,exp_shortfall,0.0,0.0,0.0,200.0,1.0
ssp585,both,Mali,logsum,5.47038459777832,5.075496196746826,5.72164249420166,200.0,1.0
ssp585,both,Mali,p_below_theta,0.0,0.0,0.0,200.0,1.0
ssp585,both,Mali,payout,3.964319944381714,3.964319944381714,3.964319944381714,200.0,1.0
ssp585,both,Mali,premium,4.757184028625488,4.757184028625488,4.757184028625488,200.0,1.0
ssp585,both,Mali,switch_share,0.16781815141439438,0.16309475898742676,0.17215785384178162,200.0,1.0
ssp585,both,Nigeria,ce_rho1.5,93.52927780151367,93.36787414550781,93.69035339355469,200.0,1.0
ssp585,both,Nigeria,ce_rho2.5,62.956037521362305,62.879066467285156,63.022010803222656,200.0,1.0
ssp585,both,Nigeria,ce_rho3.5,45.216169357299805,45.15382385253906,45.26460266113281,200.0,1.0
ssp585,both,Nigeria,cost,4.022350311279297,4.022350311279297,4.022350311279297,200.0,1.0
ssp585,both,Nigeria,cost_behav,9.022363662719727,8.989606857299805,9.049529075622559,200.0,1.0
ssp585,both,Nigeria,cv_log,0.5876487493515015,0.5616700053215027,0.6109851002693176,200.0,1.0
ssp585,both,Nigeria,cv_pct,0.7997518479824066,0.7535985708236694,0.8422452807426453,200.0,1.0
ssp585,both,Nigeria,exp_income,178.10858917236328,177.6273193359375,178.63648986816406,200.0,1.0
ssp585,both,Nigeria,exp_median,117.3583755493164,117.09232330322266,117.59217071533203,200.0,1.0
ssp585,both,Nigeria,exp_shortfall,0.0,0.0,0.0,200.0,1.0
ssp585,both,Nigeria,logsum,6.393048286437988,6.181668281555176,6.591894626617432,200.0,1.0
ssp585,both,Nigeria,p_below_theta,0.0,0.0,0.0,200.0,1.0
ssp585,both,Nigeria,payout,3.570582389831543,3.570582389831543,3.570582389831543,200.0,1.0
ssp585,both,Nigeria,premium,4.284698963165283,4.284698963165283,4.284698963165283,200.0,1.0
ssp585,both,Nigeria,switch_share,0.18365102261304855,0.18050771951675415,0.18682467937469482,200.0,1.0
ssp585,both,Tanzania,ce_rho1.5,26.41786479949951,26.32585334777832,26.544692993164062,200.0,1.0
ssp585,both,Tanzania,ce_rho2.5,13.566656112670898,13.515966415405273,13.607184410095215,200.0,1.0
ssp585,both,Tanzania,ce_rho3.5,7.557879447937012,7.530828475952148,7.584530353546143,200.0,1.0
ssp585,both,Tanzania,cost,0.6917673349380493,0.6917673349380493,0.6917673349380493,200.0,1.0
ssp585,both,Tanzania,cost_behav,1.2041090726852417,1.197867751121521,1.2095057964324951,200.0,1.0
ssp585,both,Tanzania,cv_log,-5.119284152984619,-14.71098518371582,-0.11218352615833282,200.0,0.065
ssp585,both,Tanzania,cv_pct,-0.9940197467803955,-1.0,-0.5403012633323669,200.0,0.065
ssp585,both,Tanzania,exp_income,78.89742279052734,78.541015625,79.35458374023438,200.0,1.0
ssp585,both,Tanzania,exp_median,38.50261688232422,38.318668365478516,38.70370864868164,200.0,1.0
ssp585,both,Tanzania,exp_shortfall,0.0,0.0,0.0,200.0,1.0
ssp585,both,Tanzania,logsum,-4.1844916343688965,-4.6917314529418945,-3.7226836681365967,200.0,1.0
ssp585,both,Tanzania,p_below_theta,0.0,0.0,0.0,200.0,1.0
ssp585,both,Tanzania,payout,0.7220874428749084,0.7220874428749084,0.7220874428749084,200.0,1.0
ssp585,both,Tanzania,premium,0.866504967212677,0.866504967212677,0.866504967212677,200.0,1.0
ssp585,both,Tanzania,switch_share,0.11208558827638626,0.1081157997250557,0.11548773944377899,200.0,1.0
ssp585,both,Uganda,ce_rho1.5,24.90330696105957,24.883207321166992,24.932373046875,200.0,1.0
ssp585,both,Uganda,ce_rho2.5,15.423879623413086,15.407931327819824,15.4375,200.0,1.0
ssp585,both,Uganda,ce_rho3.5,10.285698413848877,10.272850036621094,10.297945022583008,200.0,1.0
ssp585,both,Uganda,cost,2.1309547424316406,2.1309547424316406,2.1309547424316406,200.0,1.0
ssp585,both,Uganda,cost_behav,2.9156564474105835,2.913313388824463,2.9181368350982666,200.0,1.0
ssp585,both,Uganda,cv_log,1.245493471622467,1.1903493404388428,1.2856837511062622,200.0,1.0
ssp585,both,Uganda,cv_pct,2.474648952484131,2.2882297039031982,2.617140293121338,200.0,1.0
ssp585,both,Uganda,exp_income,50.40483474731445,50.33232116699219,50.49482345581055,200.0,1.0
ssp585,both,Uganda,exp_median,32.68486785888672,32.6513786315918,32.7280387878418,200.0,1.0
ssp585,both,Uganda,exp_shortfall,0.0,0.0,0.0,200.0,1.0
ssp585,both,Uganda,logsum,1.7585829496383667,1.5739511251449585,1.9476732015609741,200.0,1.0
ssp585,both,Uganda,p_below_theta,0.0,0.0,0.0,200.0,1.0
ssp585,both,Uganda,payout,1.2343406677246094,1.2343406677246094,1.2343406677246094,200.0,1.0
ssp585,both,Uganda,premium,1.4812088012695312,1.4812088012695312,1.4812088012695312,200.0,1.0
ssp585,both,Uganda,switch_share,0.07888109982013702,0.07788458466529846,0.08004727214574814,200.0,1.0
ssp585,contraction,Ethiopia,ce_rho1.5,36.528337478637695,36.41737747192383,36.64811325073242,200.0,1.0
ssp585,contraction,Ethiopia,ce_rho2.5,31.85844898223877,31.76448631286621,31.956586837768555,200.0,1.0
ssp585,contraction,Ethiopia,ce_rho3.5,27.979223251342773,27.909587860107422,28.070566177368164,200.0,1.0
ssp585,contraction,Ethiopia,cost,0.0,0.0,0.0,200.0,1.0
ssp585,contraction,Ethiopia,cost_behav,0.0,0.0,0.0,200.0,1.0
ssp585,contraction,Ethiopia,cv_log,0.8461746275424957,0.7594234943389893,0.8943517804145813,200.0,1.0
ssp585,contraction,Ethiopia,cv_pct,1.330716848373413,1.137043833732605,1.4457498788833618,200.0,1.0
ssp585,contraction,Ethiopia,exp_income,48.86825752258301,48.68618392944336,49.0418586730957,200.0,1.0
ssp585,contraction,Ethiopia,exp_median,39.241628646850586,39.1176872253418,39.37774658203125,200.0,1.0
ssp585,contraction,Ethiopia,exp_shortfall,0.5438786149024963,0.5410139560699463,0.5461214780807495,200.0,1.0
ssp585,contraction,Ethiopia,logsum,1.889521837234497,1.8209577798843384,1.9622148275375366,200.0,1.0
ssp585,contraction,Ethiopia,p_below_theta,0.2085535004734993,0.20779675245285034,0.2092566192150116,200.0,1.0
ssp585,contraction,Ethiopia,payout,0.0,0.0,0.0,200.0,1.0
ssp585,contraction,Ethiopia,premium,0.0,0.0,0.0,200.0,1.0
ssp585,contraction,Ethiopia,switch_share,0.12736117094755173,0.12514960765838623,0.12961441278457642,200.0,1.0
ssp585,contraction,Malawi,ce_rho1.5,31.936306953430176,31.78142547607422,32.08503723144531,200.0,1.0
ssp585,contraction,Malawi,ce_rho2.5,27.036720275878906,26.90159797668457,27.16118049621582,200.0,1.0
ssp585,contraction,Malawi,ce_rho3.5,23.110257148742676,22.99234390258789,23.217618942260742,200.0,1.0
ssp585,contraction,Malawi,cost,0.0,0.0,0.0,200.0,1.0
ssp585,contraction,Malawi,cost_behav,0.0,0.0,0.0,200.0,1.0
ssp585,contraction,Malawi,cv_log,,,,200.0,0.0
ssp585,contraction,Malawi,cv_pct,,,,200.0,0.0
ssp585,contraction,Malawi,exp_income,45.67373466491699,45.41859817504883,45.86764907836914,200.0,1.0
ssp585,contraction,Malawi,exp_median,34.857666015625,34.683658599853516,35.01931381225586,200.0,1.0
ssp585,contraction,Malawi,exp_shortfall,0.1450190395116806,0.1432710736989975,0.14601942896842957,200.0,1.0
ssp585,contraction,Malawi,logsum,-3.2974597215652466,-3.6189827919006348,-2.9529876708984375,200.0,1.0
ssp585,contraction,Malawi,p_below_theta,0.0961347371339798,0.09533977508544922,0.09662557393312454,200.0,1.0
ssp585,contraction,Malawi,payout,0.0,0.0,0.0,200.0,1.0
ssp585,contraction,Malawi,premium,0.0,0.0,0.0,200.0,1.0
ssp585,contraction,Malawi,switch_share,0.045017560943961143,0.04152432829141617,0.04802120849490166,200.0,1.0
ssp585,contraction,Mali,ce_rho1.5,135.42074584960938,134.80210876464844,135.94581604003906,200.0,1.0
ssp585,contraction,Mali,ce_rho2.5,123.82685089111328,123.26484680175781,124.3223876953125,200.0,1.0
ssp585,contraction,Mali,ce_rho3.5,113.41865158081055,112.902587890625,113.8885726928711,200.0,1.0
ssp585,contraction,Mali,cost,0.0,0.0,0.0,200.0,1.0
ssp585,contraction,Mali,cost_behav,0.0,0.0,0.0,200.0,1.0
ssp585,contraction,Mali,cv_log,0.5525806844234467,0.48535940051078796,0.6220607161521912,200.0,1.0
ssp585,contraction,Mali,cv_pct,0.7377319931983948,0.6247588396072388,0.8627626895904541,200.0,1.0
ssp585,contraction,Mali,exp_income,160.94842529296875,160.21026611328125,161.551513671875,200.0,1.0
ssp585,contraction,Mali,exp_median,141.71350860595703,141.06674194335938,142.25840759277344,200.0,1.0
ssp585,contraction,Mali,exp_shortfall,3.3792072534561157,3.358022928237915,3.4025769233703613,200.0,1.0
ssp585,contraction,Mali,logsum,5.278145790100098,4.917621612548828,5.531433582305908,200.0,1.0
ssp585,contraction,Mali,p_below_theta,0.2141149342060089,0.21304689347743988,0.21526770293712616,200.0,1.0
ssp585,contraction,Mali,payout,0.0,0.0,0.0,200.0,1.0
ssp585,contraction,Mali,premium,0.0,0.0,0.0,200.0,1.0
ssp585,contraction,Mali,switch_share,0.02169855870306492,0.019908223301172256,0.024239230901002884,200.0,1.0
ssp585,contraction,Nigeria,ce_rho1.5,107.74076461791992,107.55966186523438,107.95074462890625,200.0,1.0
ssp585,contraction,Nigeria,ce_rho2.5,93.4080581665039,93.25192260742188,93.57025146484375,200.0,1.0
ssp585,contraction,Nigeria,ce_rho3.5,81.3657455444336,81.22616577148438,81.5025405883789,200.0,1.0
ssp585,contraction,Nigeria,cost,0.0,0.0,0.0,200.0,1.0
ssp585,contraction,Nigeria,cost_behav,0.0,0.0,0.0,200.0,1.0
ssp585,contraction,Nigeria,cv_log,0.5067918300628662,0.47541654109954834,0.5390034317970276,200.0,1.0
ssp585,contraction,Nigeria,cv_pct,0.6599574685096741,0.6086841225624084,0.7142975926399231,200.0,1.0
ssp585,contraction,Nigeria,exp_income,143.66040802001953,143.35032653808594,143.95135498046875,200.0,1.0
ssp585,contraction,Nigeria,exp_median,115.94147109985352,115.73685455322266,116.1712417602539,200.0,1.0
ssp585,contraction,Nigeria,exp_shortfall,2.4609633684158325,2.450817346572876,2.4713029861450195,200.0,1.0
ssp585,contraction,Nigeria,logsum,6.253889322280884,6.059599876403809,6.4405388832092285,200.0,1.0
ssp585,contraction,Nigeria,p_below_theta,0.1887819766998291,0.18820792436599731,0.18933439254760742,200.0,1.0
ssp585,contraction,Nigeria,payout,0.0,0.0,0.0,200.0,1.0
ssp585,contraction,Nigeria,premium,0.0,0.0,0.0,200.0,1.0
ssp585,contraction,Nigeria,switch_share,0.1129932664334774,0.10987188667058945,0.11702582240104675,200.0,1.0
ssp585,contraction,Tanzania,ce_rho1.5,34.18454933166504,34.05781555175781,34.36304473876953,200.0,1.0
ssp585,contraction,Tanzania,ce_rho2.5,26.862781524658203,26.768556594848633,27.0119571685791,200.0,1.0
ssp585,contraction,Tanzania,ce_rho3.5,21.312411308288574,21.231151580810547,21.42941665649414,200.0,1.0
ssp585,contraction,Tanzania,cost,0.0,0.0,0.0,200.0,1.0
ssp585,contraction,Tanzania,cost_behav,0.0,0.0,0.0,200.0,1.0
ssp585,contraction,Tanzania,cv_log,55.337223052978516,8.000473976135254,206.38755798339844,200.0,0.065
ssp585,contraction,Tanzania,cv_pct,1.0780791007321352e+24,2981.371337890625,inf,200.0,0.045
ssp585,contraction,Tanzania,exp_income,56.42925262451172,56.17150115966797,56.738258361816406,200.0,1.0
ssp585,contraction,Tanzania,exp_median,38.71289825439453,38.55882263183594,38.905704498291016,200.0,1.0
ssp585,contraction,Tanzania,exp_shortfall,0.0817880816757679,0.08100239932537079,0.08266903460025787,200.0,1.0
ssp585,contraction,Tanzania,logsum,-3.46060311794281,-3.914414405822754,-3.0441222190856934,200.0,1.0
ssp585,contraction,Tanzania,p_below_theta,0.05976761877536774,0.05932190641760826,0.060162048786878586,200.0,1.0
ssp585,contraction,Tanzania,payout,0.0,0.0,0.0,200.0,1.0
ssp585,contraction,Tanzania,premium,0.0,0.0,0.0,200.0,1.0
ssp585,contraction,Tanzania,switch_share,0.15445198863744736,0.1500862091779709,0.1603921353816986,200.0,1.0
ssp585,contraction,Uganda,ce_rho1.5,28.508200645446777,28.476057052612305,28.546377182006836,200.0,1.0
ssp585,contraction,Uganda,ce_rho2.5,24.505440711975098,24.47252082824707,24.532533645629883,200.0,1.0
ssp585,contraction,Uganda,ce_rho3.5,21.12265396118164,21.096370697021484,21.149738311767578,200.0,1.0
ssp585,contraction,Uganda,cost,0.0,0.0,0.0,200.0,1.0
ssp585,contraction,Uganda,cost_behav,0.0,0.0,0.0,200.0,1.0
ssp585,contraction,Uganda,cv_log,1.1052225828170776,1.0289815664291382,1.1748195886611938,200.0,1.0
ssp585,contraction,Uganda,cv_pct,2.0198981761932373,1.7982145547866821,2.2375588417053223,200.0,1.0
ssp585,contraction,Uganda,exp_income,38.359310150146484,38.301639556884766,38.415157318115234,200.0,1.0
ssp585,contraction,Uganda,exp_median,30.784189224243164,30.750715255737305,30.828596115112305,200.0,1.0
ssp585,contraction,Uganda,exp_shortfall,1.4974141120910645,1.4960540533065796,1.4985657930374146,200.0,1.0
ssp585,contraction,Uganda,logsum,1.633514940738678,1.4976329803466797,1.8406556844711304,200.0,1.0
ssp585,contraction,Uganda,p_below_theta,0.2859928011894226,0.28580063581466675,0.28615912795066833,200.0,1.0
ssp585,contraction,Uganda,payout,0.0,0.0,0.0,200.0,1.0
ssp585,contraction,Uganda,premium,0.0,0.0,0.0,200.0,1.0
ssp585,contraction,Uganda,switch_share,0.12627623230218887,0.12392302602529526,0.129182368516922,200.0,1.0
ssp585,insurance,Ethiopia,ce_rho1.5,29.701483726501465,29.619646072387695,29.777685165405273,200.0,1.0
ssp585,insurance,Ethiopia,ce_rho2.5,18.645800590515137,18.603862762451172,18.693405151367188,200.0,1.0
ssp585,insurance,Ethiopia,ce_rho3.5,12.656578063964844,12.623470306396484,12.705290794372559,200.0,1.0
ssp585,insurance,Ethiopia,cost,0.27160167694091797,0.27160167694091797,0.27160167694091797,200.0,1.0
ssp585,insurance,Ethiopia,cost_behav,1.5324311256408691,1.5261565446853638,1.5387840270996094,200.0,1.0
ssp585,insurance,Ethiopia,cv_log,0.44308289885520935,0.39983925223350525,0.4666129946708679,200.0,1.0
ssp585,insurance,Ethiopia,cv_pct,0.5575014650821686,0.4915848970413208,0.5945841670036316,200.0,1.0
ssp585,insurance,Ethiopia,exp_income,62.15618896484375,61.93854522705078,62.41410446166992,200.0,1.0
ssp585,insurance,Ethiopia,exp_median,39.095415115356445,38.975311279296875,39.22163772583008,200.0,1.0
ssp585,insurance,Ethiopia,exp_shortfall,0.04066929221153259,0.040453050285577774,0.040902506560087204,200.0,1.0
ssp585,insurance,Ethiopia,logsum,1.7243828177452087,1.651848554611206,1.804725170135498,200.0,1.0
ssp585,insurance,Ethiopia,p_below_theta,0.16228355467319489,0.16161195933818817,0.16289055347442627,200.0,1.0
ssp585,insurance,Ethiopia,payout,1.3580083847045898,1.3580083847045898,1.3580083847045898,200.0,1.0
ssp585,insurance,Ethiopia,premium,1.6296101808547974,1.6296101808547974,1.6296101808547974,200.0,1.0
ssp585,insurance,Ethiopia,switch_share,0.11409929022192955,0.11249328404664993,0.11600859463214874,200.0,1.0
ssp585,insurance,Malawi,ce_rho1.5,25.909436225891113,25.787124633789062,26.04134750366211,200.0,1.0
ssp585,insurance,Malawi,ce_rho2.5,15.698263168334961,15.620428085327148,15.769669532775879,200.0,1.0
ssp585,insurance,Malawi,ce_rho3.5,9.839712619781494,9.7975492477417,9.892569541931152,200.0,1.0
ssp585,insurance,Malawi,cost,0.19489488005638123,0.19489488005638123,0.19489488005638123,200.0,1.0
ssp585,insurance,Malawi,cost_behav,0.8787583112716675,0.871559739112854,0.8844268321990967,200.0,1.0
ssp585,insurance,Malawi,cv_log,,,,200.0,0.0
ssp585,insurance,Malawi,cv_pct,,,,200.0,0.0
ssp585,insurance,Malawi,exp_income,57.20839500427246,56.9544563293457,57.52519226074219,200.0,1.0
ssp585,insurance,Malawi,exp_median,34.063331604003906,33.88369369506836,34.22373962402344,200.0,1.0
ssp585,insurance,Malawi,exp_shortfall,0.0026627794140949845,0.0026420634239912033,0.0026967201847583055,200.0,1.0
ssp585,insurance,Malawi,logsum,-3.9660218954086304,-4.320578098297119,-3.568657636642456,200.0,1.0
ssp585,insurance,Malawi,p_below_theta,0.055102160200476646,0.054879140108823776,0.05540968477725983,200.0,1.0
ssp585,insurance,Malawi,payout,0.9744743704795837,0.9744743704795837,0.9744743704795837,200.0,1.0
ssp585,insurance,Malawi,premium,1.1693693399429321,1.1693693399429321,1.1693693399429321,200.0,1.0
ssp585,insurance,Malawi,switch_share,0.05996861681342125,0.05560237914323807,0.06403668224811554,200.0,1.0
ssp585,insurance,Mali,ce_rho1.5,117.56698608398438,117.09906005859375,118.20321655273438,200.0,1.0
ssp585,insurance,Mali,ce_rho2.5,89.45246124267578,89.12245178222656,89.8399658203125,200.0,1.0
ssp585,insurance,Mali,ce_rho3.5,69.71798324584961,69.47660064697266,69.97056579589844,200.0,1.0
ssp585,insurance,Mali,cost,1.2331937551498413,1.2331937551498413,1.2331937551498413,200.0,1.0
ssp585,insurance,Mali,cost_behav,10.847924709320068,10.785528182983398,10.911324501037598,200.0,1.0
ssp585,insurance,Mali,cv_log,0.41774481534957886,0.3727445900440216,0.4670974910259247,200.0,1.0
ssp585,insurance,Mali,cv_pct,0.5185331404209137,0.451713502407074,0.5953569412231445,200.0,1.0
ssp585,insurance,Mali,exp_income,174.47109985351562,173.61566162109375,175.40530395507812,200.0,1.0
ssp585,insurance,Mali,exp_median,136.17330932617188,135.54296875,136.9099884033203,200.0,1.0
ssp585,insurance,Mali,exp_shortfall,0.006007042247802019,0.005950047634541988,0.006057533901184797,200.0,1.0
ssp585,insurance,Mali,logsum,5.098313093185425,4.70801305770874,5.374665260314941,200.0,1.0
ssp585,insurance,Mali,p_below_theta,0.02708694152534008,0.026872575283050537,0.02734185755252838,200.0,1.0
ssp585,insurance,Mali,payout,6.165968418121338,6.165968418121338,6.165968418121338,200.0,1.0
ssp585,insurance,Mali,premium,7.399162292480469,7.399162292480469,7.399162292480469,200.0,1.0
ssp585,insurance,Mali,switch_share,0.1444878727197647,0.1401996910572052,0.14853118360042572,200.0,1.0
ssp585,insurance,Nigeria,ce_rho1.5,89.44213104248047,89.28367614746094,89.59919738769531,200.0,1.0
ssp585,insurance,Nigeria,ce_rho2.5,57.8453369140625,57.76414489746094,57.910484313964844,200.0,1.0
ssp585,insurance,Nigeria,ce_rho3.5,39.992515563964844,39.93666076660156,40.04594802856445,200.0,1.0
ssp585,insurance,Nigeria,cost,1.1772692203521729,1.1772692203521729,1.1772692203521729,200.0,1.0
ssp585,insurance,Nigeria,cost_behav,7.569349527359009,7.540228366851807,7.591434955596924,200.0,1.0
ssp585,insurance,Nigeria,cv_log,0.3698703944683075,0.3507213294506073,0.38799530267715454,200.0,1.0
ssp585,insurance,Nigeria,cv_pct,0.4475470632314682,0.42009153962135315,0.47402286529541016,200.0,1.0
ssp585,insurance,Nigeria,exp_income,176.93286895751953,176.47897338867188,177.4883270263672,200.0,1.0
ssp585,insurance,Nigeria,exp_median,114.66268539428711,114.39404296875,114.89237976074219,200.0,1.0
ssp585,insurance,Nigeria,exp_shortfall,0.03617161512374878,0.03601166978478432,0.03637342527508736,200.0,1.0
ssp585,insurance,Nigeria,logsum,6.019739627838135,5.80303955078125,6.213590621948242,200.0,1.0
ssp585,insurance,Nigeria,p_below_theta,0.07697372511029243,0.0767149031162262,0.07723283022642136,200.0,1.0
ssp585,insurance,Nigeria,payout,5.886345863342285,5.886345863342285,5.886345863342285,200.0,1.0
ssp585,insurance,Nigeria,premium,7.063615322113037,7.063615322113037,7.063615322113037,200.0,1.0
ssp585,insurance,Nigeria,switch_share,0.15974625945091248,0.15697793662548065,0.16276460886001587,200.0,1.0
ssp585,insurance,Tanzania,ce_rho1.5,25.575427055358887,25.4837703704834,25.701797485351562,200.0,1.0
ssp585,insurance,Tanzania,ce_rho2.5,12.51155424118042,12.459268569946289,12.552318572998047,200.0,1.0
ssp585,insurance,Tanzania,ce_rho3.5,6.607215404510498,6.579728603363037,6.63340425491333,200.0,1.0
ssp585,insurance,Tanzania,cost,0.22104644775390625,0.22104644775390625,0.22104644775390625,200.0,1.0
ssp585,insurance,Tanzania,cost_behav,1.0373839139938354,1.0323238372802734,1.0418531894683838,200.0,1.0
ssp585,insurance,Tanzania,cv_log,-15.826001167297363,-58.40745544433594,-2.3177475929260254,200.0,0.065
ssp585,insurance,Tanzania,cv_pct,-0.9999998807907104,-1.0,-0.9111380577087402,200.0,0.065
ssp585,insurance,Tanzania,exp_income,78.878173828125,78.49723815917969,79.31317901611328,200.0,1.0
ssp585,insurance,Tanzania,exp_median,38.18952751159668,38.041053771972656,38.416133880615234,200.0,1.0
ssp585,insurance,Tanzania,exp_shortfall,4.2299327105865814e-05,4.173830529907718e-05,4.2890958866337314e-05,200.0,1.0
ssp585,insurance,Tanzania,logsum,-4.311552286148071,-4.830130100250244,-3.831725597381592,200.0,1.0
ssp585,insurance,Tanzania,p_below_theta,0.01904295291751623,0.01897081732749939,0.019115347415208817,200.0,1.0
ssp585,insurance,Tanzania,payout,1.1052322387695312,1.1052322387695312,1.1052322387695312,200.0,1.0
ssp585,insurance,Tanzania,premium,1.3262786865234375,1.3262786865234375,1.3262786865234375,200.0,1.0
ssp585,insurance,Tanzania,switch_share,0.09817001596093178,0.09479823708534241,0.10130928456783295,200.0,1.0
ssp585,insurance,Uganda,ce_rho1.5,22.516643524169922,22.495559692382812,22.546411514282227,200.0,1.0
ssp585,insurance,Uganda,ce_rho2.5,12.83902359008789,12.82218074798584,12.853306770324707,200.0,1.0
ssp585,insurance,Uganda,ce_rho3.5,7.879830598831177,7.867119312286377,7.892796039581299,200.0,1.0
ssp585,insurance,Uganda,cost,0.5106402635574341,0.5106402635574341,0.5106402635574341,200.0,1.0
ssp585,insurance,Uganda,cost_behav,2.4004297256469727,2.3984601497650146,2.40232253074646,200.0,1.0
ssp585,insurance,Uganda,cv_log,0.834366112947464,0.7984854578971863,0.860989511013031,200.0,1.0
ssp585,insurance,Uganda,cv_pct,1.3033535480499268,1.2221728563308716,1.3655002117156982,200.0,1.0
ssp585,insurance,Uganda,exp_income,48.96494483947754,48.887821197509766,49.05328369140625,200.0,1.0
ssp585,insurance,Uganda,exp_median,30.823695182800293,30.78652000427246,30.864158630371094,200.0,1.0
ssp585,insurance,Uganda,exp_shortfall,0.35031674802303314,0.3500308096408844,0.3506840467453003,200.0,1.0
ssp585,insurance,Uganda,logsum,1.3858919739723206,1.2018682956695557,1.5718563795089722,200.0,1.0
ssp585,insurance,Uganda,p_below_theta,0.31612183153629303,0.31591731309890747,0.3163470923900604,200.0,1.0
ssp585,insurance,Uganda,payout,2.553201198577881,2.553201198577881,2.553201198577881,200.0,1.0
ssp585,insurance,Uganda,premium,3.0638415813446045,3.0638415813446045,3.0638415813446045,200.0,1.0
ssp585,insurance,Uganda,switch_share,0.061949677765369415,0.06113410368561745,0.0627884566783905,200.0,1.0
ssp585,none,Ethiopia,ce_rho1.5,29.419867515563965,29.350732803344727,29.511009216308594,200.0,1.0
ssp585,none,Ethiopia,ce_rho2.5,17.39522075653076,17.340145111083984,17.44460105895996,200.0,1.0
ssp585,none,Ethiopia,ce_rho3.5,11.17881441116333,11.140341758728027,11.227815628051758,200.0,1.0
ssp585,none,Ethiopia,cost,0.0,0.0,0.0,200.0,1.0
ssp585,none,Ethiopia,cost_behav,0.0,0.0,0.0,200.0,1.0
ssp585,none,Ethiopia,cv_log,-0.3083772510290146,-0.3197227418422699,-0.2871863543987274,200.0,1.0
ssp585,none,Ethiopia,cv_pct,-0.26536187529563904,-0.2736496031284332,-0.24962811172008514,200.0,1.0
ssp585,none,Ethiopia,exp_income,65.33986282348633,65.15998840332031,65.57340240478516,200.0,1.0
ssp585,none,Ethiopia,exp_median,40.37742614746094,40.272579193115234,40.50438690185547,200.0,1.0
ssp585,none,Ethiopia,exp_shortfall,0.7045235633850098,0.7016934752464294,0.7062126994132996,200.0,1.0
ssp585,none,Ethiopia,logsum,1.4207534193992615,1.3349950313568115,1.5150011777877808,200.0,1.0
ssp585,none,Ethiopia,p_below_theta,0.2704509198665619,0.2698820233345032,0.27092230319976807,200.0,1.0
ssp585,none,Ethiopia,payout,0.0,0.0,0.0,200.0,1.0
ssp585,none,Ethiopia,premium,0.0,0.0,0.0,200.0,1.0
ssp585,none,Ethiopia,switch_share,0.0,0.0,0.0,200.0,1.0
ssp585,none,Malawi,ce_rho1.5,24.96627140045166,24.845413208007812,25.084991455078125,200.0,1.0
ssp585,none,Malawi,ce_rho2.5,13.929442405700684,13.849632263183594,14.002073287963867,200.0,1.0
ssp585,none,Malawi,ce_rho3.5,8.261356353759766,8.21530532836914,8.315893173217773,200.0,1.0
ssp585,none,Malawi,cost,0.0,0.0,0.0,200.0,1.0
ssp585,none,Malawi,cost_behav,0.0,0.0,0.0,200.0,1.0
ssp585,none,Malawi,cv_log,,,,200.0,0.0
ssp585,none,Malawi,cv_pct,,,,200.0,0.0
ssp585,none,Malawi,exp_income,58.83609580993652,58.56462097167969,59.07052993774414,200.0,1.0
ssp585,none,Malawi,exp_median,35.237674713134766,35.09623336791992,35.412841796875,200.0,1.0
ssp585,none,Malawi,exp_shortfall,0.424125075340271,0.4224177598953247,0.42566946148872375,200.0,1.0
ssp585,none,Malawi,logsum,-4.176356077194214,-4.592714786529541,-3.8028345108032227,200.0,1.0
ssp585,none,Malawi,p_below_theta,0.22835488617420197,0.22786279022693634,0.22891268134117126,200.0,1.0
ssp585,none,Malawi,payout,0.0,0.0,0.0,200.0,1.0
ssp585,none,Malawi,premium,0.0,0.0,0.0,200.0,1.0
ssp585,none,Malawi,switch_share,0.0,0.0,0.0,200.0,1.0
ssp585,none,Mali,ce_rho1.5,117.22332000732422,116.6393814086914,117.67528533935547,200.0,1.0
ssp585,none,Mali,ce_rho2.5,83.08367919921875,82.67157745361328,83.46123504638672,200.0,1.0
ssp585,none,Mali,ce_rho3.5,60.107675552368164,59.78822326660156,60.399227142333984,200.0,1.0
ssp585,none,Mali,cost,0.0,0.0,0.0,200.0,1.0
ssp585,none,Mali,cost_behav,0.0,0.0,0.0,200.0,1.0
ssp585,none,Mali,cv_log,-0.5372610092163086,-0.5532993078231812,-0.5218493342399597,200.0,1.0
ssp585,none,Mali,cv_pct,-0.41565342247486115,-0.42495059967041016,-0.4065779149532318,200.0,1.0
ssp585,none,Mali,exp_income,180.4226837158203,179.58419799804688,181.06761169433594,200.0,1.0
ssp585,none,Mali,exp_median,140.74412536621094,140.07212829589844,141.26510620117188,200.0,1.0
ssp585,none,Mali,exp_shortfall,4.31289267539978,4.290562629699707,4.337029457092285,200.0,1.0
ssp585,none,Mali,logsum,3.8116579055786133,3.4625325202941895,4.197515964508057,200.0,1.0
ssp585,none,Mali,p_below_theta,0.27551238238811493,0.27460217475891113,0.27668043971061707,200.0,1.0
ssp585,none,Mali,payout,0.0,0.0,0.0,200.0,1.0
ssp585,none,Mali,premium,0.0,0.0,0.0,200.0,1.0
ssp585,none,Mali,switch_share,0.0,0.0,0.0,200.0,1.0
ssp585,none,Nigeria,ce_rho1.5,87.05305480957031,86.90058898925781,87.18745422363281,200.0,1.0
ssp585,none,Nigeria,ce_rho2.5,50.00594902038574,49.91313171386719,50.109092712402344,200.0,1.0
ssp585,none,Nigeria,ce_rho3.5,30.729893684387207,30.660152435302734,30.804073333740234,200.0,1.0
ssp585,none,Nigeria,cost,0.0,0.0,0.0,200.0,1.0
ssp585,none,Nigeria,cost_behav,0.0,0.0,0.0,200.0,1.0
ssp585,none,Nigeria,cv_log,-0.21956522017717361,-0.22489005327224731,-0.21378658711910248,200.0,1.0
ssp585,none,Nigeria,cv_pct,-0.19713220745325089,-0.20139598846435547,-0.19247929751873016,200.0,1.0
ssp585,none,Nigeria,exp_income,187.00507354736328,186.54745483398438,187.42820739746094,200.0,1.0
ssp585,none,Nigeria,exp_median,119.49562454223633,119.31439208984375,119.74311065673828,200.0,1.0
ssp585,none,Nigeria,exp_shortfall,3.1873703002929688,3.1786868572235107,3.195693016052246,200.0,1.0
ssp585,none,Nigeria,logsum,5.007957696914673,4.7688140869140625,5.215830326080322,200.0,1.0
ssp585,none,Nigeria,p_below_theta,0.2664474844932556,0.2660117447376251,0.26687926054000854,200.0,1.0
ssp585,none,Nigeria,payout,0.0,0.0,0.0,200.0,1.0
ssp585,none,Nigeria,premium,0.0,0.0,0.0,200.0,1.0
ssp585,none,Nigeria,switch_share,0.0,0.0,0.0,200.0,1.0
ssp585,none,Tanzania,ce_rho1.5,23.290727615356445,23.196887969970703,23.410629272460938,200.0,1.0
ssp585,none,Tanzania,ce_rho2.5,9.310234069824219,9.257818222045898,9.367902755737305,200.0,1.0
ssp585,none,Tanzania,ce_rho3.5,4.0508873462677,4.01521635055542,4.078744888305664,200.0,1.0
ssp585,none,Tanzania,cost,0.0,0.0,0.0,200.0,1.0
ssp585,none,Tanzania,cost_behav,0.0,0.0,0.0,200.0,1.0
ssp585,none,Tanzania,cv_log,-4.888283729553223,-17.977008819580078,-0.690564751625061,200.0,0.065
ssp585,none,Tanzania,cv_pct,-0.9924656748771667,-1.0,-0.6214503645896912,200.0,0.065
ssp585,none,Tanzania,exp_income,80.90656661987305,80.58958435058594,81.28497314453125,200.0,1.0
ssp585,none,Tanzania,exp_median,39.35745429992676,39.211917877197266,39.53644943237305,200.0,1.0
ssp585,none,Tanzania,exp_shortfall,0.4789026379585266,0.4773891270160675,0.48032867908477783,200.0,1.0
ssp585,none,Tanzania,logsum,-4.20934796333313,-4.763041019439697,-3.692513942718506,200.0,1.0
ssp585,none,Tanzania,p_below_theta,0.22486673295497894,0.22443346679210663,0.22532016038894653,200.0,1.0
ssp585,none,Tanzania,payout,0.0,0.0,0.0,200.0,1.0
ssp585,none,Tanzania,premium,0.0,0.0,0.0,200.0,1.0
ssp585,none,Tanzania,switch_share,0.0,0.0,0.0,200.0,1.0
ssp585,none,Uganda,ce_rho1.5,22.6218318939209,22.598339080810547,22.65100860595703,200.0,1.0
ssp585,none,Uganda,ce_rho2.5,12.113255023956299,12.091261863708496,12.134514808654785,200.0,1.0
ssp585,none,Uganda,ce_rho3.5,6.743422031402588,6.727212905883789,6.7620463371276855,200.0,1.0
ssp585,none,Uganda,cost,0.0,0.0,0.0,200.0,1.0
ssp585,none,Uganda,cost_behav,0.0,0.0,0.0,200.0,1.0
ssp585,none,Uganda,cv_log,-0.21833859384059906,-0.23642072081565857,-0.19541022181510925,200.0,1.0
ssp585,none,Uganda,cv_pct,-0.19614677876234055,-0.21055153012275696,-0.1775028109550476,200.0,1.0
ssp585,none,Uganda,exp_income,49.982309341430664,49.9014778137207,50.059940338134766,200.0,1.0
ssp585,none,Uganda,exp_median,31.69787311553955,31.66410255432129,31.739883422851562,200.0,1.0
ssp585,none,Uganda,exp_shortfall,1.5982024669647217,1.5971468687057495,1.5990281105041504,200.0,1.0
ssp585,none,Uganda,logsum,0.43244366347789764,0.23458917438983917,0.6289888620376587,200.0,1.0
ssp585,none,Uganda,p_below_theta,0.3369513303041458,0.33677881956100464,0.3371122181415558,200.0,1.0
ssp585,none,Uganda,payout,0.0,0.0,0.0,200.0,1.0
ssp585,none,Uganda,premium,0.0,0.0,0.0,200.0,1.0
ssp585,none,Uganda,switch_share,0.0,0.0,0.0,200.0,1.0
ssp585,safety_net,Ethiopia,ce_rho1.5,31.985654830932617,31.895639419555664,32.057525634765625,200.0,1.0
ssp585,safety_net,Ethiopia,ce_rho2.5,21.527769088745117,21.48660659790039,21.571300506591797,200.0,1.0
ssp585,safety_net,Ethiopia,ce_rho3.5,15.563020706176758,15.531425476074219,15.610827445983887,200.0,1.0
ssp585,safety_net,Ethiopia,cost,1.9400118589401245,1.9400118589401245,1.9400118589401245,200.0,1.0
ssp585,safety_net,Ethiopia,cost_behav,2.2910773754119873,2.2825398445129395,2.2997400760650635,200.0,1.0
ssp585,safety_net,Ethiopia,cv_log,1.2145437598228455,1.1343704462051392,1.262047290802002,200.0,1.0
ssp585,safety_net,Ethiopia,cv_pct,2.3687567710876465,2.109215497970581,2.532646417617798,200.0,1.0
ssp585,safety_net,Ethiopia,exp_income,61.995479583740234,61.76436996459961,62.24629592895508,200.0,1.0
ssp585,safety_net,Ethiopia,exp_median,40.441423416137695,40.33277130126953,40.576541900634766,200.0,1.0
ssp585,safety_net,Ethiopia,exp_shortfall,0.0,0.0,0.0,200.0,1.0
ssp585,safety_net,Ethiopia,logsum,2.0400211811065674,1.968414068222046,2.111490249633789,200.0,1.0
ssp585,safety_net,Ethiopia,p_below_theta,0.0,0.0,0.0,200.0,1.0
ssp585,safety_net,Ethiopia,payout,0.0,0.0,0.0,200.0,1.0
ssp585,safety_net,Ethiopia,premium,0.0,0.0,0.0,200.0,1.0
ssp585,safety_net,Ethiopia,switch_share,0.15328465402126312,0.15153376758098602,0.1557968407869339,200.0,1.0
ssp585,safety_net,Malawi,ce_rho1.5,27.72166347503662,27.59502601623535,27.852970123291016,200.0,1.0
ssp585,safety_net,Malawi,ce_rho2.5,17.862360954284668,17.782459259033203,17.93067741394043,200.0,1.0
ssp585,safety_net,Malawi,ce_rho3.5,11.894301414489746,11.849115371704102,11.94062614440918,200.0,1.0
ssp585,safety_net,Malawi,cost,1.392106294631958,1.392106294631958,1.392106294631958,200.0,1.0
ssp585,safety_net,Malawi,cost_behav,1.274740993976593,1.2638933658599854,1.2852725982666016,200.0,1.0
ssp585,safety_net,Malawi,cv_log,,,,200.0,0.0
ssp585,safety_net,Malawi,cv_pct,,,,200.0,0.0
ssp585,safety_net,Malawi,exp_income,58.09593963623047,57.786800384521484,58.39427185058594,200.0,1.0
ssp585,safety_net,Malawi,exp_median,35.17165184020996,34.99824142456055,35.34771728515625,200.0,1.0
ssp585,safety_net,Malawi,exp_shortfall,0.0,0.0,0.0,200.0,1.0
ssp585,safety_net,Malawi,logsum,-3.781046509742737,-4.154266834259033,-3.422287940979004,200.0,1.0
ssp585,safety_net,Malawi,p_below_theta,0.0,0.0,0.0,200.0,1.0
ssp585,safety_net,Malawi,payout,0.0,0.0,0.0,200.0,1.0
ssp585,safety_net,Malawi,premium,0.0,0.0,0.0,200.0,1.0
ssp585,safety_net,Malawi,switch_share,0.08119779825210571,0.07527334988117218,0.08699271082878113,200.0,1.0
ssp585,safety_net,Mali,ce_rho1.5,128.00208282470703,127.51448822021484,128.63072204589844,200.0,1.0
ssp585,safety_net,Mali,ce_rho2.5,102.59729385375977,102.28349304199219,103.00277709960938,200.0,1.0
ssp585,safety_net,Mali,ce_rho3.5,84.27590560913086,84.06202697753906,84.52027893066406,200.0,1.0
ssp585,safety_net,Mali,cost,8.808526039123535,8.808526039123535,8.808526039123535,200.0,1.0
ssp585,safety_net,Mali,cost_behav,16.111571311950684,16.034515380859375,16.227046966552734,200.0,1.0
ssp585,safety_net,Mali,cv_log,0.9895894527435303,0.9231513738632202,1.0761070251464844,200.0,1.0
ssp585,safety_net,Mali,cv_pct,1.6901298761367798,1.5084763765335083,1.9233976602554321,200.0,1.0
ssp585,safety_net,Mali,exp_income,181.77375030517578,180.9493865966797,182.7181396484375,200.0,1.0
ssp585,safety_net,Mali,exp_median,144.4165267944336,143.76333618164062,145.15545654296875,200.0,1.0
ssp585,safety_net,Mali,exp_shortfall,0.0,0.0,0.0,200.0,1.0
ssp585,safety_net,Mali,logsum,5.865603446960449,5.474372386932373,6.1119465827941895,200.0,1.0
ssp585,safety_net,Mali,p_below_theta,0.0,0.0,0.0,200.0,1.0
ssp585,safety_net,Mali,payout,0.0,0.0,0.0,200.0,1.0
ssp585,safety_net,Mali,premium,0.0,0.0,0.0,200.0,1.0
ssp585,safety_net,Mali,switch_share,0.18481076508760452,0.17990165948867798,0.18961958587169647,200.0,1.0
ssp585,safety_net,Nigeria,ce_rho1.5,100.11837387084961,99.94912719726562,100.27774810791016,200.0,1.0
ssp585,safety_net,Nigeria,ce_rho2.5,71.13085174560547,71.05825805664062,71.19931030273438,200.0,1.0
ssp585,safety_net,Nigeria,ce_rho3.5,53.51144599914551,53.45445251464844,53.56573486328125,200.0,1.0
ssp585,safety_net,Nigeria,cost,8.409066200256348,8.409066200256348,8.409066200256348,200.0,1.0
ssp585,safety_net,Nigeria,cost_behav,11.12056016921997,11.08349609375,11.15074634552002,200.0,1.0
ssp585,safety_net,Nigeria,cv_log,0.8039198517799377,0.7714318633079529,0.8313095569610596,200.0,1.0
ssp585,safety_net,Nigeria,cv_pct,1.234281837940216,1.1628609895706177,1.2963238954544067,200.0,1.0
ssp585,safety_net,Nigeria,exp_income,180.5386199951172,180.009033203125,180.98568725585938,200.0,1.0
ssp585,safety_net,Nigeria,exp_median,121.81894302368164,121.54194641113281,122.03763580322266,200.0,1.0
ssp585,safety_net,Nigeria,exp_shortfall,0.0,0.0,0.0,200.0,1.0
ssp585,safety_net,Nigeria,logsum,6.7624311447143555,6.555527210235596,6.963013172149658,200.0,1.0
ssp585,safety_net,Nigeria,p_below_theta,0.0,0.0,0.0,200.0,1.0
ssp585,safety_net,Nigeria,payout,0.0,0.0,0.0,200.0,1.0
ssp585,safety_net,Nigeria,premium,0.0,0.0,0.0,200.0,1.0
ssp585,safety_net,Nigeria,switch_share,0.2034219652414322,0.19979973137378693,0.20660226047039032,200.0,1.0
ssp585,safety_net,Tanzania,ce_rho1.5,27.891128540039062,27.792953491210938,28.015010833740234,200.0,1.0
ssp585,safety_net,Tanzania,ce_rho2.5,15.272624492645264,15.223261833190918,15.312607765197754,200.0,1.0
ssp585,safety_net,Tanzania,ce_rho3.5,9.066372394561768,9.036932945251465,9.090317726135254,200.0,1.0
ssp585,safety_net,Tanzania,cost,1.578903317451477,1.578903317451477,1.578903317451477,200.0,1.0
ssp585,safety_net,Tanzania,cost_behav,1.5139055848121643,1.5065784454345703,1.5211727619171143,200.0,1.0
ssp585,safety_net,Tanzania,cv_log,6.472908973693848,0.9881055355072021,24.460235595703125,200.0,0.065
ssp585,safety_net,Tanzania,cv_pct,646.3641357421875,1.6861408948898315,41970614272.0,200.0,0.065
ssp585,safety_net,Tanzania,exp_income,79.13792419433594,78.80183410644531,79.64554595947266,200.0,1.0
ssp585,safety_net,Tanzania,exp_median,39.26182174682617,39.08068084716797,39.46859359741211,200.0,1.0
ssp585,safety_net,Tanzania,exp_shortfall,0.0,0.0,0.0,200.0,1.0
ssp585,safety_net,Tanzania,logsum,-4.038823127746582,-4.5406670570373535,-3.597764015197754,200.0,1.0
ssp585,safety_net,Tanzania,p_below_theta,0.0,0.0,0.0,200.0,1.0
ssp585,safety_net,Tanzania,payout,0.0,0.0,0.0,200.0,1.0
ssp585,safety_net,Tanzania,premium,0.0,0.0,0.0,200.0,1.0
ssp585,safety_net,Tanzania,switch_share,0.12744072079658508,0.12289676815271378,0.1311974823474884,200.0,1.0
ssp585,safety_net,Uganda,ce_rho1.5,27.250423431396484,27.232664108276367,27.280349731445312,200.0,1.0
ssp585,safety_net,Uganda,ce_rho2.5,18.083168029785156,18.068199157714844,18.096208572387695,200.0,1.0
ssp585,safety_net,Uganda,ce_rho3.5,12.829004764556885,12.814569473266602,12.840130805969238,200.0,1.0
ssp585,safety_net,Uganda,cost,3.647430658340454,3.647430658340454,3.647430658340454,200.0,1.0
ssp585,safety_net,Uganda,cost_behav,3.4483535289764404,3.4457597732543945,3.4511220455169678,200.0,1.0
ssp585,safety_net,Uganda,cv_log,1.517187774181366,1.4498099088668823,1.5657689571380615,200.0,1.0
ssp585,safety_net,Uganda,cv_pct,3.5593851804733276,3.2623043060302734,3.7863540649414062,200.0,1.0
ssp585,safety_net,Uganda,exp_income,51.80660629272461,51.73092269897461,51.89341735839844,200.0,1.0
ssp585,safety_net,Uganda,exp_median,34.45033836364746,34.417938232421875,34.4928092956543,200.0,1.0
ssp585,safety_net,Uganda,exp_shortfall,0.0,0.0,0.0,200.0,1.0
ssp585,safety_net,Uganda,logsum,2.0067962408065796,1.7869504690170288,2.1814239025115967,200.0,1.0
ssp585,safety_net,Uganda,p_below_theta,0.0,0.0,0.0,200.0,1.0
ssp585,safety_net,Uganda,payout,0.0,0.0,0.0,200.0,1.0
ssp585,safety_net,Uganda,premium,0.0,0.0,0.0,200.0,1.0
ssp585,safety_net,Uganda,switch_share,0.0943644791841507,0.09320852160453796,0.09592999517917633,200.0,1.0
ssp585,transfer,Ethiopia,ce_rho1.5,31.786035537719727,31.707918167114258,31.86954116821289,200.0,1.0
ssp585,transfer,Ethiopia,ce_rho2.5,19.922229766845703,19.876455307006836,19.970949172973633,200.0,1.0
ssp585,transfer,Ethiopia,ce_rho3.5,13.3335542678833,13.30186653137207,13.389163970947266,200.0,1.0
ssp585,transfer,Ethiopia,cost,1.9856468439102173,1.9856468439102173,1.9856468439102173,200.0,1.0
ssp585,transfer,Ethiopia,cost_behav,1.9856468439102173,1.9856468439102173,1.9856468439102173,200.0,1.0
ssp585,transfer,Ethiopia,cv_log,-0.17886006087064743,-0.19674262404441833,-0.16199493408203125,200.0,1.0
ssp585,transfer,Ethiopia,cv_pct,-0.16377709060907364,-0.17859798669815063,-0.14955449104309082,200.0,1.0
ssp585,transfer,Ethiopia,exp_income,65.1270980834961,64.94161987304688,65.39055633544922,200.0,1.0
ssp585,transfer,Ethiopia,exp_median,41.71278953552246,41.593955993652344,41.834983825683594,200.0,1.0
ssp585,transfer,Ethiopia,exp_shortfall,0.3706626743078232,0.3691064417362213,0.3722720742225647,200.0,1.0
ssp585,transfer,Ethiopia,logsum,1.4708636403083801,1.3905723094940186,1.561600685119629,200.0,1.0
ssp585,transfer,Ethiopia,p_below_theta,0.22156412154436111,0.22091273963451385,0.22210627794265747,200.0,1.0
ssp585,transfer,Ethiopia,payout,0.0,0.0,0.0,200.0,1.0
ssp585,transfer,Ethiopia,premium,0.0,0.0,0.0,200.0,1.0
ssp585,transfer,Ethiopia,switch_share,0.06440774723887444,0.06349916756153107,0.0652698427438736,200.0,1.0
ssp585,transfer,Malawi,ce_rho1.5,27.503413200378418,27.382617950439453,27.629404067993164,200.0,1.0
ssp585,transfer,Malawi,ce_rho2.5,16.263876914978027,16.18502426147461,16.33321189880371,200.0,1.0
ssp585,transfer,Malawi,ce_rho3.5,10.041538715362549,9.997011184692383,10.093701362609863,200.0,1.0
ssp585,transfer,Malawi,cost,1.9123499393463135,1.9123499393463135,1.9123499393463135,200.0,1.0
ssp585,transfer,Malawi,cost_behav,1.9123499393463135,1.9123499393463135,1.9123499393463135,200.0,1.0
ssp585,transfer,Malawi,cv_log,,,,200.0,0.0
ssp585,transfer,Malawi,cv_pct,,,,200.0,0.0
ssp585,transfer,Malawi,exp_income,60.00725746154785,59.74134826660156,60.283203125,200.0,1.0
ssp585,transfer,Malawi,exp_median,36.93942642211914,36.76082229614258,37.08303451538086,200.0,1.0
ssp585,transfer,Malawi,exp_shortfall,0.1952270343899727,0.19445964694023132,0.1962776780128479,200.0,1.0
ssp585,transfer,Malawi,logsum,-4.224448919296265,-4.648097038269043,-3.857215166091919,200.0,1.0
ssp585,transfer,Malawi,p_below_theta,0.1711510866880417,0.17066480219364166,0.17166224122047424,200.0,1.0
ssp585,transfer,Malawi,payout,0.0,0.0,0.0,200.0,1.0
ssp585,transfer,Malawi,premium,0.0,0.0,0.0,200.0,1.0
ssp585,transfer,Malawi,switch_share,0.022916289046406746,0.02131587639451027,0.024825001135468483,200.0,1.0
ssp585,transfer,Mali,ce_rho1.5,128.7551040649414,128.2196502685547,129.25904846191406,200.0,1.0
ssp585,transfer,Mali,ce_rho2.5,96.8428726196289,96.44694519042969,97.20188903808594,200.0,1.0
ssp585,transfer,Mali,ce_rho3.5,73.89950561523438,73.58081817626953,74.15790557861328,200.0,1.0
ssp585,transfer,Mali,cost,12.995691299438477,12.995691299438477,12.995691299438477,200.0,1.0
ssp585,transfer,Mali,cost_behav,12.995691299438477,12.995691299438477,12.995691299438477,200.0,1.0
ssp585,transfer,Mali,cv_log,-0.04003387130796909,-0.0541565828025341,-0.025670291855931282,200.0,1.0
ssp585,transfer,Mali,cv_pct,-0.039243098348379135,-0.05271623283624649,-0.02534360997378826,200.0,1.0
ssp585,transfer,Mali,exp_income,187.54988861083984,186.82444763183594,188.45155334472656,200.0,1.0
ssp585,transfer,Mali,exp_median,149.43462371826172,148.82220458984375,150.05418395996094,200.0,1.0
ssp585,transfer,Mali,exp_shortfall,2.106058716773987,2.0923776626586914,2.121023416519165,200.0,1.0
ssp585,transfer,Mali,logsum,4.48392915725708,4.062331199645996,4.763371467590332,200.0,1.0
ssp585,transfer,Mali,p_below_theta,0.21054209023714066,0.20955471694469452,0.21157868206501007,200.0,1.0
ssp585,transfer,Mali,payout,0.0,0.0,0.0,200.0,1.0
ssp585,transfer,Mali,premium,0.0,0.0,0.0,200.0,1.0
ssp585,transfer,Mali,switch_share,0.06508395820856094,0.06298227608203888,0.06662986427545547,200.0,1.0
ssp585,transfer,Nigeria,ce_rho1.5,98.36529541015625,98.1963882446289,98.4972915649414,200.0,1.0
ssp585,transfer,Nigeria,ce_rho2.5,62.74917221069336,62.654911041259766,62.828651428222656,200.0,1.0
ssp585,transfer,Nigeria,ce_rho3.5,42.01030349731445,41.941078186035156,42.06599426269531,200.0,1.0
ssp585,transfer,Nigeria,cost,10.273679733276367,10.273679733276367,10.273679733276367,200.0,1.0
ssp585,transfer,Nigeria,cost_behav,10.273679733276367,10.273679733276367,10.273679733276367,200.0,1.0
ssp585,transfer,Nigeria,cv_log,0.10565424337983131,0.09676722437143326,0.1121077835559845,200.0,1.0
ssp585,transfer,Nigeria,cv_pct,0.11143752560019493,0.1016039177775383,0.11863342672586441,200.0,1.0
ssp585,transfer,Nigeria,exp_income,188.64892578125,188.17698669433594,189.13677978515625,200.0,1.0
ssp585,transfer,Nigeria,exp_median,126.33094024658203,126.06909942626953,126.52415466308594,200.0,1.0
ssp585,transfer,Nigeria,exp_shortfall,1.581440806388855,1.5740773677825928,1.5875822305679321,200.0,1.0
ssp585,transfer,Nigeria,logsum,5.565643072128296,5.345460891723633,5.778578281402588,200.0,1.0
ssp585,transfer,Nigeria,p_below_theta,0.20769474655389786,0.2071768045425415,0.20812030136585236,200.0,1.0
ssp585,transfer,Nigeria,payout,0.0,0.0,0.0,200.0,1.0
ssp585,transfer,Nigeria,premium,0.0,0.0,0.0,200.0,1.0
ssp585,transfer,Nigeria,switch_share,0.098084457218647,0.0962369367480278,0.09994997829198837,200.0,1.0
ssp585,transfer,Tanzania,ce_rho1.5,27.257285118103027,27.169673919677734,27.37725257873535,200.0,1.0
ssp585,transfer,Tanzania,ce_rho2.5,12.603179454803467,12.551470756530762,12.651973724365234,200.0,1.0
ssp585,transfer,Tanzania,ce_rho3.5,6.239321231842041,6.206072807312012,6.268502712249756,200.0,1.0
ssp585,transfer,Tanzania,cost,2.602651596069336,2.602651596069336,2.602651596069336,200.0,1.0
ssp585,transfer,Tanzania,cost_behav,2.602651596069336,2.602651596069336,2.602651596069336,200.0,1.0
ssp585,transfer,Tanzania,cv_log,-28.758617401123047,-106.7472152709961,-4.087374210357666,200.0,0.065
ssp585,transfer,Tanzania,cv_pct,-1.0,-1.0,-0.9952215552330017,200.0,0.065
ssp585,transfer,Tanzania,exp_income,82.31367492675781,81.95558166503906,82.68795776367188,200.0,1.0
ssp585,transfer,Tanzania,exp_median,41.88535690307617,41.75534439086914,42.08737564086914,200.0,1.0
ssp585,transfer,Tanzania,exp_shortfall,0.2105071023106575,0.20975424349308014,0.21114686131477356,200.0,1.0
ssp585,transfer,Tanzania,logsum,-4.477234840393066,-5.016029357910156,-3.96394944190979,200.0,1.0
ssp585,transfer,Tanzania,p_below_theta,0.16343363374471664,0.16303600370883942,0.16375938057899475,200.0,1.0
ssp585,transfer,Tanzania,payout,0.0,0.0,0.0,200.0,1.0
ssp585,transfer,Tanzania,premium,0.0,0.0,0.0,200.0,1.0
ssp585,transfer,Tanzania,switch_share,0.06000543385744095,0.058055438101291656,0.06200334429740906,200.0,1.0
ssp585,transfer,Uganda,ce_rho1.5,25.74052143096924,25.71683692932129,25.76817512512207,200.0,1.0
ssp585,transfer,Uganda,ce_rho2.5,15.440625667572021,15.4183349609375,15.458375930786133,200.0,1.0
ssp585,transfer,Uganda,ce_rho3.5,9.632268905639648,9.615376472473145,9.648968696594238,200.0,1.0
ssp585,transfer,Uganda,cost,2.545980930328369,2.545980930328369,2.545980930328369,200.0,1.0
ssp585,transfer,Uganda,cost_behav,2.545980930328369,2.545980930328369,2.545980930328369,200.0,1.0
ssp585,transfer,Uganda,cv_log,0.3124365210533142,0.29800471663475037,0.32635071873664856,200.0,1.0
ssp585,transfer,Uganda,cv_pct,0.36675117909908295,0.3471681475639343,0.3859013319015503,200.0,1.0
ssp585,transfer,Uganda,exp_income,51.44553565979004,51.36412811279297,51.525760650634766,200.0,1.0
ssp585,transfer,Uganda,exp_median,33.930328369140625,33.895538330078125,33.96446228027344,200.0,1.0
ssp585,transfer,Uganda,exp_shortfall,0.9035750329494476,0.9029372334480286,0.9042444229125977,200.0,1.0
ssp585,transfer,Uganda,logsum,0.9137533903121948,0.7483326196670532,1.1353713274002075,200.0,1.0
ssp585,transfer,Uganda,p_below_theta,0.29230043292045593,0.2921565771102905,0.2924227714538574,200.0,1.0
ssp585,transfer,Uganda,payout,0.0,0.0,0.0,200.0,1.0
ssp585,transfer,Uganda,premium,0.0,0.0,0.0,200.0,1.0
ssp585,transfer,Uganda,switch_share,0.06124437227845192,0.060385990887880325,0.062183983623981476,200.0,1.0
