country,metric,param,S1,S1_lo,S1_hi,ST,ST_lo,ST_hi,n_ok
Ethiopia,switch_transfer,t,0.9930550456047058,0.47719869017601013,1.6051411628723145,0.9930704832077026,0.8723689317703247,1.1258269548416138,128
Ethiopia,switch_transfer,lam,0.0,0.0,0.0,0.0,0.0,0.0,128
Ethiopia,switch_transfer,f,0.0,0.0,0.0,0.0,0.0,0.0,128
Ethiopia,switch_transfer,f_both,0.0,0.0,0.0,0.0,0.0,0.0,128
Ethiopia,switch_transfer,trigger,0.0,0.0,0.0,0.0,0.0,0.0,128
Ethiopia,switch_transfer,basis,0.0,0.0,0.0,0.0,0.0,0.0,128
Ethiopia,switch_transfer,loading,0.0,0.0,0.0,0.0,0.0,0.0,128
Ethiopia,switch_transfer,theta,0.0,0.0,0.0,0.0,0.0,0.0,128
Ethiopia,d_pbelow_transfer,t,0.8223404884338379,0.48679319024086,1.1764984130859375,0.8382494449615479,0.7088540196418762,0.9995661377906799,128
Ethiopia,d_pbelow_transfer,lam,0.0,0.0,0.0,0.0,0.0,0.0,128
Ethiopia,d_pbelow_transfer,f,0.0,0.0,0.0,0.0,0.0,0.0,128
Ethiopia,d_pbelow_transfer,f_both,0.0,0.0,0.0,0.0,0.0,0.0,128
Ethiopia,d_pbelow_transfer,trigger,0.0,0.0,0.0,0.0,0.0,0.0,128
Ethiopia,d_pbelow_transfer,basis,0.0,0.0,0.0,0.0,0.0,0.0,128
Ethiopia,d_pbelow_transfer,loading,0.0,0.0,0.0,0.0,0.0,0.0,128
Ethiopia,d_pbelow_transfer,theta,0.13705241680145264,-0.0012987033696845174,0.3019914925098419,0.17913800477981567,0.12609711289405823,0.2316763699054718,128
Ethiopia,d_expinc_transfer,t,0.9927072525024414,0.8211385011672974,1.1869370937347412,0.9927566647529602,0.8527921438217163,1.1501858234405518,128
Ethiopia,d_expinc_transfer,lam,0.0,0.0,0.0,0.0,0.0,0.0,128
Ethiopia,d_expinc_transfer,f,0.0,0.0,0.0,0.0,0.0,0.0,128
Ethiopia,d_expinc_transfer,f_both,0.0,0.0,0.0,0.0,0.0,0.0,128
Ethiopia,d_expinc_transfer,trigger,0.0,0.0,0.0,0.0,0.0,0.0,128
Ethiopia,d_expinc_transfer,basis,0.0,0.0,0.0,0.0,0.0,0.0,128
Ethiopia,d_expinc_transfer,loading,0.0,0.0,0.0,0.0,0.0,0.0,128
Ethiopia,d_expinc_transfer,theta,0.0,0.0,0.0,0.0,0.0,0.0,128
Ethiopia,switch_contraction,t,0.0,0.0,0.0,0.0,0.0,0.0,128
Ethiopia,switch_contraction,lam,0.9946745038032532,-0.13155947625637054,2.0585343837738037,0.9953524470329285,0.8514552712440491,1.155508041381836,128
Ethiopia,switch_contraction,f,0.0,0.0,0.0,0.0,0.0,0.0,128
Ethiopia,switch_contraction,f_both,0.0,0.0,0.0,0.0,0.0,0.0,128
Ethiopia,switch_contraction,trigger,0.0,0.0,0.0,0.0,0.0,0.0,128
Ethiopia,switch_contraction,basis,0.0,0.0,0.0,0.0,0.0,0.0,128
Ethiopia,switch_contraction,loading,0.0,0.0,0.0,0.0,0.0,0.0,128
Ethiopia,switch_contraction,theta,0.0,0.0,0.0,0.0,0.0,0.0,128
Ethiopia,d_pbelow_contraction,t,0.0,0.0,0.0,0.0,0.0,0.0,128
Ethiopia,d_pbelow_contraction,lam,0.7569091320037842,0.2662542164325714,1.2545543909072876,0.771719217300415,0.6301791071891785,0.9120842814445496,128
Ethiopia,d_pbelow_contraction,f,0.0,0.0,0.0,0.0,0.0,0.0,128
Ethiopia,d_pbelow_contraction,f_both,0.0,0.0,0.0,0.0,0.0,0.0,128
Ethiopia,d_pbelow_contraction,trigger,0.0,0.0,0.0,0.0,0.0,0.0,128
Ethiopia,d_pbelow_contraction,basis,0.0,0.0,0.0,0.0,0.0,0.0,128
Ethiopia,d_pbelow_contraction,loading,0.0,0.0,0.0,0.0,0.0,0.0,128
Ethiopia,d_pbelow_contraction,theta,0.2095261663198471,-0.06042195111513138,0.5175788998603821,0.20689910650253296,0.1708591878414154,0.25970757007598877,128
Ethiopia,d_expinc_contraction,t,0.0,0.0,0.0,0.0,0.0,0.0,128
Ethiopia,d_expinc_contraction,lam,0.9935564994812012,0.33929479122161865,1.6002182960510254,0.9936670660972595,0.8569249510765076,1.121910572052002,128
Ethiopia,d_expinc_contraction,f,0.0,0.0,0.0,0.0,0.0,0.0,128
Ethiopia,d_expinc_contraction,f_both,0.0,0.0,0.0,0.0,0.0,0.0,128
Ethiopia,d_expinc_contraction,trigger,0.0,0.0,0.0,0.0,0.0,0.0,128
Ethiopia,d_expinc_contraction,basis,0.0,0.0,0.0,0.0,0.0,0.0,128
Ethiopia,d_expinc_contraction,loading,0.0,0.0,0.0,0.0,0.0,0.0,128
Ethiopia,d_expinc_contraction,theta,0.0,0.0,0.0,0.0,0.0,0.0,128
Ethiopia,switch_safety_net,t,0.0,0.0,0.0,0.0,0.0,0.0,128
Ethiopia,switch_safety_net,lam,0.0,0.0,0.0,0.0,0.0,0.0,128
Ethiopia,switch_safety_net,f,0.9980064034461975,0.014621611684560776,1.9521703720092773,0.9979124665260315,0.8820279836654663,1.1624164581298828,128
Ethiopia,switch_safety_net,f_both,0.0,0.0,0.0,0.0,0.0,0.0,128
Ethiopia,switch_safety_net,trigger,0.0,0.0,0.0,0.0,0.0,0.0,128
Ethiopia,switch_safety_net,basis,0.0,0.0,0.0,0.0,0.0,0.0,128
Ethiopia,switch_safety_net,loading,0.0,0.0,0.0,0.0,0.0,0.0,128
Ethiopia,switch_safety_net,theta,0.0,0.0,0.0,0.0,0.0,0.0,128
Ethiopia,d_pbelow_safety_net,t,0.0,0.0,0.0,0.0,0.0,0.0,128
Ethiopia,d_pbelow_safety_net,lam,0.0,0.0,0.0,0.0,0.0,0.0,128
Ethiopia,d_pbelow_safety_net,f,0.4381994307041168,0.12636320292949677,0.7511983513832092,1.0091286897659302,0.8075746893882751,1.2114777565002441,128
Ethiopia,d_pbelow_safety_net,f_both,0.0,0.0,0.0,0.0,0.0,0.0,128
Ethiopia,d_pbelow_safety_net,trigger,0.0,0.0,0.0,0.0,0.0,0.0,128
Ethiopia,d_pbelow_safety_net,basis,0.0,0.0,0.0,0.0,0.0,0.0,128
Ethiopia,d_pbelow_safety_net,loading,0.0,0.0,0.0,0.0,0.0,0.0,128
Ethiopia,d_pbelow_safety_net,theta,0.010240674018859863,-0.23912949860095978,0.18341705203056335,0.3708135187625885,0.2602774202823639,0.48383188247680664,128
Ethiopia,d_expinc_safety_net,t,0.0,0.0,0.0,0.0,0.0,0.0,128
Ethiopia,d_expinc_safety_net,lam,0.0,0.0,0.0,0.0,0.0,0.0,128
Ethiopia,d_expinc_safety_net,f,1.004145622253418,-0.13128501176834106,2.08600115776062,1.0051261186599731,0.8572925925254822,1.1573927402496338,128
Ethiopia,d_expinc_safety_net,f_both,0.0,0.0,0.0,0.0,0.0,0.0,128
Ethiopia,d_expinc_safety_net,trigger,0.0,0.0,0.0,0.0,0.0,0.0,128
Ethiopia,d_expinc_safety_net,basis,0.0,0.0,0.0,0.0,0.0,0.0,128
Ethiopia,d_expinc_safety_net,loading,0.0,0.0,0.0,0.0,0.0,0.0,128
Ethiopia,d_expinc_safety_net,theta,0.0,0.0,0.0,0.0,0.0,0.0,128
Ethiopia,pd_safety_net,t,0.0,0.0,0.0,0.0,0.0,0.0,128
Ethiopia,pd_safety_net,lam,0.0,0.0,0.0,0.0,0.0,0.0,128
Ethiopia,pd_safety_net,f,-0.04187021031975746,-0.32105663418769836,0.20671981573104858,0.8006239533424377,0.6565381288528442,0.9626098871231079,128
Ethiopia,pd_safety_net,f_both,0.0,0.0,0.0,0.0,0.0,0.0,128
Ethiopia,pd_safety_net,trigger,0.0,0.0,0.0,0.0,0.0,0.0,128
Ethiopia,pd_safety_net,basis,0.0,0.0,0.0,0.0,0.0,0.0,128
Ethiopia,pd_safety_net,loading,0.0,0.0,0.0,0.0,0.0,0.0,128
Ethiopia,pd_safety_net,theta,0.10023659467697144,-0.0811975821852684,0.3153289556503296,0.6442065834999084,0.4429590404033661,0.9098196029663086,128
Ethiopia,pdr_safety_net,t,0.0,0.0,0.0,0.0,0.0,0.0,128
Ethiopia,pdr_safety_net,lam,0.0,0.0,0.0,0.0,0.0,0.0,128
Ethiopia,pdr_safety_net,f,-0.04187021031975746,-0.3009456396102905,0.2231782227754593,0.8006239533424377,0.6577436327934265,0.969865083694458,128
Ethiopia,pdr_safety_net,f_both,0.0,0.0,0.0,0.0,0.0,0.0,128
Ethiopia,pdr_safety_net,trigger,0.0,0.0,0.0,0.0,0.0,0.0,128
Ethiopia,pdr_safety_net,basis,0.0,0.0,0.0,0.0,0.0,0.0,128
Ethiopia,pdr_safety_net,loading,0.0,0.0,0.0,0.0,0.0,0.0,128
Ethiopia,pdr_safety_net,theta,0.10023659467697144,-0.09220198541879654,0.32439541816711426,0.6442065834999084,0.4374997615814209,0.889728307723999,128
Ethiopia,switch_insurance,t,0.0,0.0,0.0,0.0,0.0,0.0,128
Ethiopia,switch_insurance,lam,0.0,0.0,0.0,0.0,0.0,0.0,128
Ethiopia,switch_insurance,f,0.0,0.0,0.0,0.0,0.0,0.0,128
Ethiopia,switch_insurance,f_both,0.0,0.0,0.0,0.0,0.0,0.0,128
Ethiopia,switch_insurance,trigger,0.6662464737892151,-0.1128300279378891,1.3858081102371216,0.6094587445259094,0.5289701223373413,0.7101894617080688,128
Ethiopia,switch_insurance,basis,0.3507562577724457,-0.344453364610672,1.152981162071228,0.3671366572380066,0.31440773606300354,0.43167269229888916,128
Ethiopia,switch_insurance,loading,0.010150715708732605,-0.12104055285453796,0.1453297734260559,0.014413667842745781,0.011746409349143505,0.017864415422081947,128
Ethiopia,switch_insurance,theta,0.0,0.0,0.0,0.0,0.0,0.0,128
Ethiopia,d_pbelow_insurance,t,0.0,0.0,0.0,0.0,0.0,0.0,128
Ethiopia,d_pbelow_insurance,lam,0.0,0.0,0.0,0.0,0.0,0.0,128
Ethiopia,d_pbelow_insurance,f,0.0,0.0,0.0,0.0,0.0,0.0,128
Ethiopia,d_pbelow_insurance,f_both,0.0,0.0,0.0,0.0,0.0,0.0,128
Ethiopia,d_pbelow_insurance,trigger,0.27382731437683105,0.10097884386777878,0.45872482657432556,0.6239883899688721,0.46594616770744324,0.8115407824516296,128
Ethiopia,d_pbelow_insurance,basis,-0.002921105595305562,-0.12097746878862381,0.11270181834697723,0.24296241998672485,0.17999088764190674,0.31897589564323425,128
Ethiopia,d_pbelow_insurance,loading,-0.003659450449049473,-0.06390070915222168,0.088433176279068,0.0588780902326107,0.02776172012090683,0.09809178858995438,128
Ethiopia,d_pbelow_insurance,theta,0.31741222739219666,0.1738445907831192,0.49663859605789185,0.5221318006515503,0.4142724275588989,0.6665162444114685,128
Ethiopia,d_expinc_insurance,t,0.0,0.0,0.0,0.0,0.0,0.0,128
Ethiopia,d_expinc_insurance,lam,0.0,0.0,0.0,0.0,0.0,0.0,128
Ethiopia,d_expinc_insurance,f,0.0,0.0,0.0,0.0,0.0,0.0,128
Ethiopia,d_expinc_insurance,f_both,0.0,0.0,0.0,0.0,0.0,0.0,128
Ethiopia,d_expinc_insurance,trigger,0.7595447897911072,0.1431390941143036,1.4100180864334106,0.7425879836082458,0.6231938600540161,0.8758274912834167,128
Ethiopia,d_expinc_insurance,basis,0.2322126030921936,-0.10875321179628372,0.6160604357719421,0.2593463063240051,0.21829022467136383,0.30529099702835083,128
Ethiopia,d_expinc_insurance,loading,0.017701642587780952,-0.030102059245109558,0.08462194353342056,0.0050627184100449085,0.002795326989144087,0.007858133874833584,128
Ethiopia,d_expinc_insurance,theta,0.0,0.0,0.0,0.0,0.0,0.0,128
Ethiopia,pd_insurance,t,0.0,0.0,0.0,0.0,0.0,0.0,128
Ethiopia,pd_insurance,lam,0.0,0.0,0.0,0.0,0.0,0.0,128
Ethiopia,pd_insurance,f,0.0,0.0,0.0,0.0,0.0,0.0,128
Ethiopia,pd_insurance,f_both,0.0,0.0,0.0,0.0,0.0,0.0,128
Ethiopia,pd_insurance,trigger,-0.002557571744546294,-0.03598988428711891,0.002277952851727605,0.027051394805312157,0.005338039714843035,0.18074801564216614,128
Ethiopia,pd_insurance,basis,-1.0610384379106108e-05,-0.006439749617129564,0.010342624969780445,0.03956525772809982,0.003049178048968315,0.1557047963142395,128
Ethiopia,pd_insurance,loading,-0.5050181150436401,-0.7243008613586426,0.531630277633667,0.36673304438591003,0.16174651682376862,0.9876516461372375,128
Ethiopia,pd_insurance,theta,0.008466378785669804,0.00190918508451432,0.07314568012952805,0.7237226366996765,0.008041535504162312,2.8726236820220947,128
Ethiopia,pdr_insurance,t,0.0,0.0,0.0,0.0,0.0,0.0,128
Ethiopia,pdr_insurance,lam,0.0,0.0,0.0,0.0,0.0,0.0,128
Ethiopia,pdr_insurance,f,0.0,0.0,0.0,0.0,0.0,0.0,128
Ethiopia,pdr_insurance,f_both,0.0,0.0,0.0,0.0,0.0,0.0,128
Ethiopia,pdr_insurance,trigger,0.13502295315265656,0.009218592196702957,0.27377456426620483,0.5788307189941406,0.4470905661582947,0.7391898036003113,128
Ethiopia,pdr_insurance,basis,-0.0045402473770082,-0.08460334688425064,0.07824200391769409,0.16145971417427063,0.09992488473653793,0.21594196557998657,128
Ethiopia,pdr_insurance,loading,0.005306566134095192,-0.05271222069859505,0.07170167565345764,0.06162884831428528,0.024318614974617958,0.11325192451477051,128
Ethiopia,pdr_insurance,theta,0.38393130898475647,0.20723076164722443,0.5510694980621338,0.6212798357009888,0.4826498031616211,0.7726902365684509,128
Ethiopia,switch_both,t,0.0,0.0,0.0,0.0,0.0,0.0,128
Ethiopia,switch_both,lam,0.0,0.0,0.0,0.0,0.0,0.0,128
Ethiopia,switch_both,f,0.0,0.0,0.0,0.0,0.0,0.0,128
Ethiopia,switch_both,f_both,0.40098780393600464,-0.6221612691879272,1.7096832990646362,0.4107247591018677,0.30449485778808594,0.5203357338905334,128
Ethiopia,switch_both,trigger,0.5448312759399414,-0.6608447432518005,1.650714635848999,0.518860399723053,0.42396605014801025,0.6261370182037354,128
Ethiopia,switch_both,basis,0.03693459928035736,-0.4951038956642151,0.7198635935783386,0.13601601123809814,0.10078459233045578,0.18172195553779602,128
Ethiopia,switch_both,loading,-0.007132967934012413,-0.13268139958381653,0.12265274673700333,0.0064384895376861095,0.004731311462819576,0.008640934713184834,128
Ethiopia,switch_both,theta,0.0,0.0,0.0,0.0,0.0,0.0,128
Ethiopia,d_pbelow_both,t,0.0,0.0,0.0,0.0,0.0,0.0,128
Ethiopia,d_pbelow_both,lam,0.0,0.0,0.0,0.0,0.0,0.0,128
Ethiopia,d_pbelow_both,f,0.0,0.0,0.0,0.0,0.0,0.0,128
Ethiopia,d_pbelow_both,f_both,0.26161089539527893,0.0732436403632164,0.4813399016857147,0.5852128863334656,0.42879602313041687,0.7170629501342773,128
Ethiopia,d_pbelow_both,trigger,0.3056440055370331,0.09317541867494583,0.5303482413291931,0.5845414400100708,0.4262757897377014,0.7358583807945251,128
Ethiopia,d_pbelow_both,basis,0.04282798245549202,-0.09474427998065948,0.17094174027442932,0.18231657147407532,0.11612721532583237,0.2722739279270172,128
Ethiopia,d_pbelow_both,loading,0.07910030335187912,0.004216281697154045,0.18161679804325104,0.05910377949476242,0.016541989520192146,0.1248842403292656,128
Ethiopia,d_pbelow_both,theta,0.1845775842666626,-0.03195718303322792,0.38622215390205383,0.5093631744384766,0.3720545172691345,0.6243991851806641,128
Ethiopia,d_expinc_both,t,0.0,0.0,0.0,0.0,0.0,0.0,128
Ethiopia,d_expinc_both,lam,0.0,0.0,0.0,0.0,0.0,0.0,128
Ethiopia,d_expinc_both,f,0.0,0.0,0.0,0.0,0.0,0.0,128
Ethiopia,d_expinc_both,f_both,0.035151753574609756,-0.2936510145664215,0.3096746504306793,0.07059390097856522,0.05020947754383087,0.09010609984397888,128
Ethiopia,d_expinc_both,trigger,0.8753388524055481,0.05976013466715813,1.890284776687622,0.8856616020202637,0.7366019487380981,1.0307058095932007,128
Ethiopia,d_expinc_both,basis,0.07121391594409943,-0.33694973587989807,0.4814753234386444,0.15219378471374512,0.11122425645589828,0.2052410989999771,128
Ethiopia,d_expinc_both,loading,0.030950548127293587,-0.052879367023706436,0.13925430178642273,0.009056498296558857,0.005392493214458227,0.0135039696469903,128
Ethiopia,d_expinc_both,theta,0.0,0.0,0.0,0.0,0.0,0.0,128
Ethiopia,pd_both,t,0.0,0.0,0.0,0.0,0.0,0.0,128
Ethiopia,pd_both,lam,0.0,0.0,0.0,0.0,0.0,0.0,128
Ethiopia,pd_both,f,0.0,0.0,0.0,0.0,0.0,0.0,128
Ethiopia,pd_both,f_both,0.2104451209306717,0.027673594653606415,0.3961324393749237,0.6633040308952332,0.41810280084609985,0.9509661197662354,128
Ethiopia,pd_both,trigger,0.2403673529624939,0.02750822715461254,0.4702017903327942,0.7180116176605225,0.4695809781551361,1.0292128324508667,128
Ethiopia,pd_both,basis,0.03713918849825859,-0.05538026615977287,0.1450786143541336,0.37894749641418457,0.14967253804206848,0.7305037975311279,128
Ethiopia,pd_both,loading,0.13103045523166656,0.013476281426846981,0.2825021743774414,0.24259179830551147,0.14232516288757324,0.369846373796463,128
Ethiopia,pd_both,theta,0.3505268394947052,0.14615841209888458,0.6227487325668335,0.7233490347862244,0.46425265073776245,1.0637998580932617,128
Ethiopia,pdr_both,t,0.0,0.0,0.0,0.0,0.0,0.0,128
Ethiopia,pdr_both,lam,0.0,0.0,0.0,0.0,0.0,0.0,128
Ethiopia,pdr_both,f,0.0,0.0,0.0,0.0,0.0,0.0,128
Ethiopia,pdr_both,f_both,0.222006157040596,0.019942158833146095,0.42404019832611084,0.557959794998169,0.42501312494277954,0.7174272537231445,128
Ethiopia,pdr_both,trigger,0.113249272108078,-0.10691804438829422,0.3079923689365387,0.6161040663719177,0.4554824233055115,0.7755369544029236,128
Ethiopia,pdr_both,basis,0.03465239331126213,-0.04702688008546829,0.11193551868200302,0.14287203550338745,0.08783549815416336,0.21371254324913025,128
Ethiopia,pdr_both,loading,0.07645406574010849,-0.0024574261624366045,0.172544464468956,0.06492532789707184,0.004112089518457651,0.14041143655776978,128
Ethiopia,pdr_both,theta,0.26805180311203003,0.03247580677270889,0.5053157210350037,0.6369070410728455,0.45363855361938477,0.8412677645683289,128
Ethiopia,headline_ratio,t,1.0124880075454712,0.31299832463264465,1.5622732639312744,1.0704665184020996,0.9415127635002136,1.1891160011291504,128
Ethiopia,headline_ratio,lam,0.06718579679727554,-0.07488465309143066,0.23240207135677338,0.13586604595184326,0.08827093243598938,0.20571820437908173,128
Ethiopia,headline_ratio,f,0.0,0.0,0.0,0.0,0.0,0.0,128
Ethiopia,headline_ratio,f_both,0.0,0.0,0.0,0.0,0.0,0.0,128
Ethiopia,headline_ratio,trigger,0.0,0.0,0.0,0.0,0.0,0.0,128
Ethiopia,headline_ratio,basis,0.0,0.0,0.0,0.0,0.0,0.0,128
Ethiopia,headline_ratio,loading,0.0,0.0,0.0,0.0,0.0,0.0,128
Ethiopia,headline_ratio,theta,0.0,0.0,0.0,0.0,0.0,0.0,128
Ethiopia,sn_better,t,0.0,0.0,0.0,0.0,0.0,0.0,128
Ethiopia,sn_better,lam,0.0,0.0,0.0,0.0,0.0,0.0,128
Ethiopia,sn_better,f,0.0,-0.27494083280674453,0.2988979720445815,0.6976744186046512,0.5608834586466165,0.8771929824561403,128
Ethiopia,sn_better,f_both,0.0,0.0,0.0,0.0,0.0,0.0,128
Ethiopia,sn_better,trigger,0.10465116279069767,-0.10947252747252748,0.2883081487352833,0.3488372093023256,0.24505448190789472,0.45856046569709363,128
Ethiopia,sn_better,basis,-0.03488372093023256,-0.232476200479119,0.1387905173600072,0.2441860465116279,0.15441028056247055,0.3509933991956635,128
Ethiopia,sn_better,loading,-0.03488372093023256,-0.10533412017403351,0.0,0.06976744186046512,0.03299939278349423,0.13399728831829416,128
Ethiopia,sn_better,theta,0.06976744186046512,-0.2121813926046412,0.3161652327935221,0.5930232558139534,0.46799452959213433,0.7368029115341544,128
Ethiopia,pbelow_none,t,0.0,0.0,0.0,0.0,0.0,0.0,128
Ethiopia,pbelow_none,lam,0.0,0.0,0.0,0.0,0.0,0.0,128
Ethiopia,pbelow_none,f,0.0,0.0,0.0,0.0,0.0,0.0,128
Ethiopia,pbelow_none,f_both,0.0,0.0,0.0,0.0,0.0,0.0,128
Ethiopia,pbelow_none,trigger,0.0,0.0,0.0,0.0,0.0,0.0,128
Ethiopia,pbelow_none,basis,0.0,0.0,0.0,0.0,0.0,0.0,128
Ethiopia,pbelow_none,loading,0.0,0.0,0.0,0.0,0.0,0.0,128
Ethiopia,pbelow_none,theta,0.8065113425254822,-0.4194432199001312,2.0352532863616943,0.8065159916877747,0.6810011863708496,0.9733219742774963,128
Malawi,switch_transfer,t,0.9930620193481445,0.5515041351318359,1.486445665359497,0.9930552840232849,0.8680745363235474,1.1217677593231201,128
Malawi,switch_transfer,lam,0.0,0.0,0.0,0.0,0.0,0.0,128
Malawi,switch_transfer,f,0.0,0.0,0.0,0.0,0.0,0.0,128
Malawi,switch_transfer,f_both,0.0,0.0,0.0,0.0,0.0,0.0,128
Malawi,switch_transfer,trigger,0.0,0.0,0.0,0.0,0.0,0.0,128
Malawi,switch_transfer,basis,0.0,0.0,0.0,0.0,0.0,0.0,128
Malawi,switch_transfer,loading,0.0,0.0,0.0,0.0,0.0,0.0,128
Malawi,switch_transfer,theta,0.0,0.0,0.0,0.0,0.0,0.0,128
Malawi,d_pbelow_transfer,t,0.9438478946685791,0.5590749979019165,1.2884118556976318,0.9293104410171509,0.7782037258148193,1.0882447957992554,128
Malawi,d_pbelow_transfer,lam,0.0,0.0,0.0,0.0,0.0,0.0,128
Malawi,d_pbelow_transfer,f,0.0,0.0,0.0,0.0,0.0,0.0,128
Malawi,d_pbelow_transfer,f_both,0.0,0.0,0.0,0.0,0.0,0.0,128
Malawi,d_pbelow_transfer,trigger,0.0,0.0,0.0,0.0,0.0,0.0,128
Malawi,d_pbelow_transfer,basis,0.0,0.0,0.0,0.0,0.0,0.0,128
Malawi,d_pbelow_transfer,loading,0.0,0.0,0.0,0.0,0.0,0.0,128
Malawi,d_pbelow_transfer,theta,0.06014464050531387,-0.036375973373651505,0.14819428324699402,0.06785179674625397,0.048900604248046875,0.08993306010961533,128
Malawi,d_expinc_transfer,t,0.9933837652206421,0.6223996877670288,1.4305897951126099,0.9933875799179077,0.8737460970878601,1.1551389694213867,128
Malawi,d_expinc_transfer,lam,0.0,0.0,0.0,0.0,0.0,0.0,128
Malawi,d_expinc_transfer,f,0.0,0.0,0.0,0.0,0.0,0.0,128
Malawi,d_expinc_transfer,f_both,0.0,0.0,0.0,0.0,0.0,0.0,128
Malawi,d_expinc_transfer,trigger,0.0,0.0,0.0,0.0,0.0,0.0,128
Malawi,d_expinc_transfer,basis,0.0,0.0,0.0,0.0,0.0,0.0,128
Malawi,d_expinc_transfer,loading,0.0,0.0,0.0,0.0,0.0,0.0,128
Malawi,d_expinc_transfer,theta,0.0,0.0,0.0,0.0,0.0,0.0,128
Malawi,switch_contraction,t,0.0,0.0,0.0,0.0,0.0,0.0,128
Malawi,switch_contraction,lam,0.9938627481460571,0.03557540103793144,1.8722420930862427,0.9945887923240662,0.8543117046356201,1.1427608728408813,128
Malawi,switch_contraction,f,0.0,0.0,0.0,0.0,0.0,0.0,128
Malawi,switch_contraction,f_both,0.0,0.0,0.0,0.0,0.0,0.0,128
Malawi,switch_contraction,trigger,0.0,0.0,0.0,0.0,0.0,0.0,128
Malawi,switch_contraction,basis,0.0,0.0,0.0,0.0,0.0,0.0,128
Malawi,switch_contraction,loading,0.0,0.0,0.0,0.0,0.0,0.0,128
Malawi,switch_contraction,theta,0.0,0.0,0.0,0.0,0.0,0.0,128
Malawi,d_pbelow_contraction,t,0.0,0.0,0.0,0.0,0.0,0.0,128
Malawi,d_pbelow_contraction,lam,0.942906379699707,0.4171923100948334,1.4248064756393433,0.9649512767791748,0.8224132657051086,1.1090883016586304,128
Malawi,d_pbelow_contraction,f,0.0,0.0,0.0,0.0,0.0,0.0,128
Malawi,d_pbelow_contraction,f_both,0.0,0.0,0.0,0.0,0.0,0.0,128
Malawi,d_pbelow_contraction,trigger,0.0,0.0,0.0,0.0,0.0,0.0,128
Malawi,d_pbelow_contraction,basis,0.0,0.0,0.0,0.0,0.0,0.0,128
Malawi,d_pbelow_contraction,loading,0.0,0.0,0.0,0.0,0.0,0.0,128
Malawi,d_pbelow_contraction,theta,0.04193781688809395,-0.1150967925786972,0.14855767786502838,0.04703107848763466,0.03648233413696289,0.05918508768081665,128
Malawi,d_expinc_contraction,t,0.0,0.0,0.0,0.0,0.0,0.0,128
Malawi,d_expinc_contraction,lam,0.9953723549842834,0.5297473073005676,1.5508910417556763,0.9954542517662048,0.88016676902771,1.12558913230896,128
Malawi,d_expinc_contraction,f,0.0,0.0,0.0,0.0,0.0,0.0,128
Malawi,d_expinc_contraction,f_both,0.0,0.0,0.0,0.0,0.0,0.0,128
Malawi,d_expinc_contraction,trigger,0.0,0.0,0.0,0.0,0.0,0.0,128
Malawi,d_expinc_contraction,basis,0.0,0.0,0.0,0.0,0.0,0.0,128
Malawi,d_expinc_contraction,loading,0.0,0.0,0.0,0.0,0.0,0.0,128
Malawi,d_expinc_contraction,theta,0.0,0.0,0.0,0.0,0.0,0.0,128
Malawi,switch_safety_net,t,0.0,0.0,0.0,0.0,0.0,0.0,128
Malawi,switch_safety_net,lam,0.0,0.0,0.0,0.0,0.0,0.0,128
Malawi,switch_safety_net,f,0.9974903464317322,0.06802786886692047,1.853515625,0.9975442886352539,0.8692982196807861,1.1290887594223022,128
Malawi,switch_safety_net,f_both,0.0,0.0,0.0,0.0,0.0,0.0,128
Malawi,switch_safety_net,trigger,0.0,0.0,0.0,0.0,0.0,0.0,128
Malawi,switch_safety_net,basis,0.0,0.0,0.0,0.0,0.0,0.0,128
Malawi,switch_safety_net,loading,0.0,0.0,0.0,0.0,0.0,0.0,128
Malawi,switch_safety_net,theta,0.0,0.0,0.0,0.0,0.0,0.0,128
Malawi,d_pbelow_safety_net,t,0.0,0.0,0.0,0.0,0.0,0.0,128
Malawi,d_pbelow_safety_net,lam,0.0,0.0,0.0,0.0,0.0,0.0,128
Malawi,d_pbelow_safety_net,f,0.4542081952095032,0.09706724435091019,0.8240650296211243,1.0326189994812012,0.8516523838043213,1.2540943622589111,128
Malawi,d_pbelow_safety_net,f_both,0.0,0.0,0.0,0.0,0.0,0.0,128
Malawi,d_pbelow_safety_net,trigger,0.0,0.0,0.0,0.0,0.0,0.0,128
Malawi,d_pbelow_safety_net,basis,0.0,0.0,0.0,0.0,0.0,0.0,128
Malawi,d_pbelow_safety_net,loading,0.0,0.0,0.0,0.0,0.0,0.0,128
Malawi,d_pbelow_safety_net,theta,-0.0062903715297579765,-0.1872643530368805,0.1949368119239807,0.37003278732299805,0.2703963816165924,0.48601850867271423,128
Malawi,d_expinc_safety_net,t,0.0,0.0,0.0,0.0,0.0,0.0,128
Malawi,d_expinc_safety_net,lam,0.0,0.0,0.0,0.0,0.0,0.0,128
Malawi,d_expinc_safety_net,f,1.0109052658081055,0.7936871647834778,1.1886423826217651,1.008489966392517,0.8893457651138306,1.1396379470825195,128
Malawi,d_expinc_safety_net,f_both,0.0,0.0,0.0,0.0,0.0,0.0,128
Malawi,d_expinc_safety_net,trigger,0.0,0.0,0.0,0.0,0.0,0.0,128
Malawi,d_expinc_safety_net,basis,0.0,0.0,0.0,0.0,0.0,0.0,128
Malawi,d_expinc_safety_net,loading,0.0,0.0,0.0,0.0,0.0,0.0,128
Malawi,d_expinc_safety_net,theta,0.0,0.0,0.0,0.0,0.0,0.0,128
Malawi,pd_safety_net,t,0.0,0.0,0.0,0.0,0.0,0.0,128
Malawi,pd_safety_net,lam,0.0,0.0,0.0,0.0,0.0,0.0,128
Malawi,pd_safety_net,f,-0.09731128066778183,-0.339926540851593,0.17056646943092346,0.7709407806396484,0.6058148741722107,0.9710414409637451,128
Malawi,pd_safety_net,f_both,0.0,0.0,0.0,0.0,0.0,0.0,128
Malawi,pd_safety_net,trigger,0.0,0.0,0.0,0.0,0.0,0.0,128
Malawi,pd_safety_net,basis,0.0,0.0,0.0,0.0,0.0,0.0,128
Malawi,pd_safety_net,loading,0.0,0.0,0.0,0.0,0.0,0.0,128
Malawi,pd_safety_net,theta,0.06728469580411911,-0.11141601949930191,0.30976641178131104,0.6652945876121521,0.45174697041511536,0.9310623407363892,128
Malawi,pdr_safety_net,t,0.0,0.0,0.0,0.0,0.0,0.0,128
Malawi,pdr_safety_net,lam,0.0,0.0,0.0,0.0,0.0,0.0,128
Malawi,pdr_safety_net,f,-0.09731128066778183,-0.3449804186820984,0.15047085285186768,0.7709407806396484,0.6061975359916687,1.001975178718567,128
Malawi,pdr_safety_net,f_both,0.0,0.0,0.0,0.0,0.0,0.0,128
Malawi,pdr_safety_net,trigger,0.0,0.0,0.0,0.0,0.0,0.0,128
Malawi,pdr_safety_net,basis,0.0,0.0,0.0,0.0,0.0,0.0,128
Malawi,pdr_safety_net,loading,0.0,0.0,0.0,0.0,0.0,0.0,128
Malawi,pdr_safety_net,theta,0.06728469580411911,-0.11840488016605377,0.27273184061050415,0.6652945876121521,0.42888331413269043,0.9127140641212463,128
Malawi,switch_insurance,t,0.0,0.0,0.0,0.0,0.0,0.0,128
Malawi,switch_insurance,lam,0.0,0.0,0.0,0.0,0.0,0.0,128
Malawi,switch_insurance,f,0.0,0.0,0.0,0.0,0.0,0.0,128
Malawi,switch_insurance,f_both,0.0,0.0,0.0,0.0,0.0,0.0,128
Malawi,switch_insurance,trigger,0.6074398159980774,-0.1487150639295578,1.2481706142425537,0.5592362284660339,0.4721486270427704,0.6547849774360657,128
Malawi,switch_insurance,basis,0.3903443515300751,-0.28273704648017883,1.046574592590332,0.4326306879520416,0.3704387843608856,0.5050631165504456,128
Malawi,switch_insurance,loading,0.0006625524256378412,-0.05324060469865799,0.05495768412947655,0.0028545083478093147,0.002251243917271495,0.003797422396019101,128
Malawi,switch_insurance,theta,0.0,0.0,0.0,0.0,0.0,0.0,128
Malawi,d_pbelow_insurance,t,0.0,0.0,0.0,0.0,0.0,0.0,128
Malawi,d_pbelow_insurance,lam,0.0,0.0,0.0,0.0,0.0,0.0,128
Malawi,d_pbelow_insurance,f,0.0,0.0,0.0,0.0,0.0,0.0,128
Malawi,d_pbelow_insurance,f_both,0.0,0.0,0.0,0.0,0.0,0.0,128
Malawi,d_pbelow_insurance,trigger,0.32037198543548584,0.12220066785812378,0.5053673386573792,0.6608144044876099,0.5191926956176758,0.8528860211372375,128
Malawi,d_pbelow_insurance,basis,0.019482316449284554,-0.09758453071117401,0.16224831342697144,0.23355154693126678,0.16836977005004883,0.3153412342071533,128
Malawi,d_pbelow_insurance,loading,0.027664612978696823,-0.02029537782073021,0.07547726482152939,0.04373321682214737,0.01972154527902603,0.07417324185371399,128
Malawi,d_pbelow_insurance,theta,0.1714165359735489,-0.002699931850656867,0.35623544454574585,0.44179004430770874,0.3294028043746948,0.5724211931228638,128
Malawi,d_expinc_insurance,t,0.0,0.0,0.0,0.0,0.0,0.0,128
Malawi,d_expinc_insurance,lam,0.0,0.0,0.0,0.0,0.0,0.0,128
Malawi,d_expinc_insurance,f,0.0,0.0,0.0,0.0,0.0,0.0,128
Malawi,d_expinc_insurance,f_both,0.0,0.0,0.0,0.0,0.0,0.0,128
Malawi,d_expinc_insurance,trigger,0.68217933177948,0.16302424669265747,1.2759783267974854,0.7278276085853577,0.6111530065536499,0.8665778636932373,128
Malawi,d_expinc_insurance,basis,0.21122537553310394,-0.15379242599010468,0.49902909994125366,0.23647911846637726,0.19268308579921722,0.27871155738830566,128
Malawi,d_expinc_insurance,loading,0.10961141437292099,-0.08260670304298401,0.3801875710487366,0.08915103226900101,0.06365671753883362,0.12284740805625916,128
Malawi,d_expinc_insurance,theta,0.0,0.0,0.0,0.0,0.0,0.0,128
Malawi,pd_insurance,t,0.0,0.0,0.0,0.0,0.0,0.0,128
Malawi,pd_insurance,lam,0.0,0.0,0.0,0.0,0.0,0.0,128
Malawi,pd_insurance,f,0.0,0.0,0.0,0.0,0.0,0.0,128
Malawi,pd_insurance,f_both,0.0,0.0,0.0,0.0,0.0,0.0,128
Malawi,pd_insurance,trigger,-0.0013828844530507922,-0.014757732860744,0.00023187647457234561,0.08223924040794373,0.004923899658024311,0.19024674594402313,128
Malawi,pd_insurance,basis,0.0006730183376930654,-0.00024046137696132064,0.007369831670075655,0.027203844860196114,0.0023206414189189672,0.07167123258113861,128
Malawi,pd_insurance,loading,0.9975622296333313,0.00755324074998498,2.0499844551086426,1.0170915126800537,0.39289596676826477,1.0822840929031372,128
Malawi,pd_insurance,theta,0.004315580707043409,-0.0018509429646655917,0.04432838410139084,0.7360978126525879,0.004443742800503969,1.4371579885482788,128
Malawi,pdr_insurance,t,0.0,0.0,0.0,0.0,0.0,0.0,128
Malawi,pdr_insurance,lam,0.0,0.0,0.0,0.0,0.0,0.0,128
Malawi,pdr_insurance,f,0.0,0.0,0.0,0.0,0.0,0.0,128
Malawi,pdr_insurance,f_both,0.0,0.0,0.0,0.0,0.0,0.0,128
Malawi,pdr_insurance,trigger,-0.05301385372877121,-0.30755099654197693,0.17845609784126282,0.5751852989196777,0.46043509244918823,0.701276957988739,128
Malawi,pdr_insurance,basis,-0.02751462534070015,-0.11150655150413513,0.038122449070215225,0.13833820819854736,0.08476029336452484,0.19511310756206512,128
Malawi,pdr_insurance,loading,0.03978954255580902,-0.01608072593808174,0.12757818400859833,0.04730801284313202,0.017082899808883667,0.10364757478237152,128
Malawi,pdr_insurance,theta,0.24326053261756897,0.048452503979206085,0.4289552867412567,0.5331355333328247,0.38298043608665466,0.6856648325920105,128
Malawi,switch_both,t,0.0,0.0,0.0,0.0,0.0,0.0,128
Malawi,switch_both,lam,0.0,0.0,0.0,0.0,0.0,0.0,128
Malawi,switch_both,f,0.0,0.0,0.0,0.0,0.0,0.0,128
Malawi,switch_both,f_both,0.30571553111076355,-0.42456936836242676,1.187013864517212,0.31343206763267517,0.22994206845760345,0.394147127866745,128
Malawi,switch_both,trigger,0.6245030760765076,-0.6213782429695129,1.6446607112884521,0.5869482159614563,0.4926948547363281,0.7007622122764587,128
Malawi,switch_both,basis,0.07297288626432419,-0.5970513820648193,0.7346636056900024,0.18829548358917236,0.1416616588830948,0.24788790941238403,128
Malawi,switch_both,loading,-0.004459183197468519,-0.05681384354829788,0.04410989582538605,0.0013182902475818992,0.0010065537644550204,0.001731449388898909,128
Malawi,switch_both,theta,0.0,0.0,0.0,0.0,0.0,0.0,128
Malawi,d_pbelow_both,t,0.0,0.0,0.0,0.0,0.0,0.0,128
Malawi,d_pbelow_both,lam,0.0,0.0,0.0,0.0,0.0,0.0,128
Malawi,d_pbelow_both,f,0.0,0.0,0.0,0.0,0.0,0.0,128
Malawi,d_pbelow_both,f_both,0.18854759633541107,-0.018061533570289612,0.3830515146255493,0.40608885884284973,0.2848983705043793,0.5303246974945068,128
Malawi,d_pbelow_both,trigger,0.3750089406967163,0.0963948592543602,0.6712978482246399,0.6365277767181396,0.47184962034225464,0.8151299953460693,128
Malawi,d_pbelow_both,basis,-0.03925458714365959,-0.19949737191200256,0.125777930021286,0.17451347410678864,0.10236657410860062,0.25454646348953247,128
Malawi,d_pbelow_both,loading,-0.02465849742293358,-0.14475150406360626,0.0781053826212883,0.0767635777592659,0.024678675457835197,0.13704417645931244,128
Malawi,d_pbelow_both,theta,0.04606831073760986,-0.2070818692445755,0.30259862542152405,0.5128145217895508,0.40428975224494934,0.6359156370162964,128
Malawi,d_expinc_both,t,0.0,0.0,0.0,0.0,0.0,0.0,128
Malawi,d_expinc_both,lam,0.0,0.0,0.0,0.0,0.0,0.0,128
Malawi,d_expinc_both,f,0.0,0.0,0.0,0.0,0.0,0.0,128
Malawi,d_expinc_both,f_both,0.23539000749588013,-0.0640520453453064,0.5445479154586792,0.2769125998020172,0.21294882893562317,0.3491799235343933,128
Malawi,d_expinc_both,trigger,0.6192270517349243,0.16917549073696136,0.9983228445053101,0.6680092811584473,0.5615059733390808,0.7904205918312073,128
Malawi,d_expinc_both,basis,0.07162588834762573,-0.1247686892747879,0.3141349256038666,0.12350529432296753,0.08954653143882751,0.15737739205360413,128
Malawi,d_expinc_both,loading,0.09656815230846405,-0.07772675156593323,0.273490846157074,0.06788649410009384,0.04619234800338745,0.09740012139081955,128
Malawi,d_expinc_both,theta,0.0,0.0,0.0,0.0,0.0,0.0,128
Malawi,pd_both,t,0.0,0.0,0.0,0.0,0.0,0.0,128
Malawi,pd_both,lam,0.0,0.0,0.0,0.0,0.0,0.0,128
Malawi,pd_both,f,0.0,0.0,0.0,0.0,0.0,0.0,128
Malawi,pd_both,f_both,0.2646949291229248,-0.002200685441493988,0.6692229509353638,0.5979942083358765,0.3487682342529297,0.9656650424003601,128
Malawi,pd_both,trigger,0.07797980308532715,-0.08738990128040314,0.29609888792037964,0.3678340017795563,0.22395090758800507,0.6125142574310303,128
Malawi,pd_both,basis,-0.01732501946389675,-0.11846593022346497,0.12890049815177917,0.44993993639945984,0.1894242763519287,0.6572781801223755,128
Malawi,pd_both,loading,0.038533765822649,-0.09390027821063995,0.24260015785694122,0.5653624534606934,0.3022169768810272,0.7663803100585938,128
Malawi,pd_both,theta,0.10139960795640945,-0.11850303411483765,0.3258049190044403,0.6517659425735474,0.3794197738170624,0.9640573859214783,128
Malawi,pdr_both,t,0.0,0.0,0.0,0.0,0.0,0.0,128
Malawi,pdr_both,lam,0.0,0.0,0.0,0.0,0.0,0.0,128
Malawi,pdr_both,f,0.0,0.0,0.0,0.0,0.0,0.0,128
Malawi,pdr_both,f_both,0.1686406284570694,0.019190791994333267,0.34110990166664124,0.3726930022239685,0.25572800636291504,0.506464958190918,128
Malawi,pdr_both,trigger,0.10169994086027145,-0.14937475323677063,0.35562846064567566,0.6958447694778442,0.5486066341400146,0.8553466796875,128
Malawi,pdr_both,basis,-0.020065536722540855,-0.12374250590801239,0.07157045602798462,0.10626578330993652,0.0599660724401474,0.1661781668663025,128
Malawi,pdr_both,loading,-0.015294837765395641,-0.05866418778896332,0.025662509724497795,0.040912847965955734,0.007205997593700886,0.0800403356552124,128
Malawi,pdr_both,theta,0.12840545177459717,-0.07557071000337601,0.3277741074562073,0.6277592778205872,0.42252039909362793,0.827821671962738,128
Malawi,headline_ratio,t,0.9904850125312805,0.3933810889720917,1.489479899406433,0.9946502447128296,0.8994085192680359,1.096612572669983,128
Malawi,headline_ratio,lam,0.08406105637550354,-0.02666390873491764,0.22104406356811523,0.15912722051143646,0.10170988738536835,0.2268192321062088,128
Malawi,headline_ratio,f,0.0,0.0,0.0,0.0,0.0,0.0,128
Malawi,headline_ratio,f_both,0.0,0.0,0.0,0.0,0.0,0.0,128
Malawi,headline_ratio,trigger,0.0,0.0,0.0,0.0,0.0,0.0,128
Malawi,headline_ratio,basis,0.0,0.0,0.0,0.0,0.0,0.0,128
Malawi,headline_ratio,loading,0.0,0.0,0.0,0.0,0.0,0.0,128
Malawi,headline_ratio,theta,0.0,0.0,0.0,0.0,0.0,0.0,128
Malawi,sn_better,t,0.0,0.0,0.0,0.0,0.0,0.0,128
Malawi,sn_better,lam,0.0,0.0,0.0,0.0,0.0,0.0,128
Malawi,sn_better,f,0.06793206793206794,-0.17964248491508583,0.31448539926243674,0.6113886113886113,0.46451423007791726,0.7500552208835342,128
Malawi,sn_better,f_both,0.0,0.0,0.0,0.0,0.0,0.0,128
Malawi,sn_better,trigger,0.03396603396603397,-0.17561916249834003,0.2503940088835155,0.3906093906093906,0.2832965832627457,0.5048673130632703,128
Malawi,sn_better,basis,0.06793206793206794,-0.07216542916542916,0.23378273971687394,0.2037962037962038,0.11983197212661659,0.2970235941921986,128
Malawi,sn_better,loading,0.03396603396603397,0.0,0.07872389413890807,0.03396603396603397,0.0,0.0693952586800036,128
Malawi,sn_better,theta,0.03396603396603397,-0.20600359705084714,0.35097597597597596,0.6113886113886113,0.48895882447576594,0.750034693019344,128
Malawi,pbelow_none,t,0.0,0.0,0.0,0.0,0.0,0.0,128
Malawi,pbelow_none,lam,0.0,0.0,0.0,0.0,0.0,0.0,128
Malawi,pbelow_none,f,0.0,0.0,0.0,0.0,0.0,0.0,128
Malawi,pbelow_none,f_both,0.0,0.0,0.0,0.0,0.0,0.0,128
Malawi,pbelow_none,trigger,0.0,0.0,0.0,0.0,0.0,0.0,128
Malawi,pbelow_none,basis,0.0,0.0,0.0,0.0,0.0,0.0,128
Malawi,pbelow_none,loading,0.0,0.0,0.0,0.0,0.0,0.0,128
Malawi,pbelow_none,theta,0.8074532151222229,-0.2103542983531952,2.014293909072876,0.8074566721916199,0.6933332085609436,0.9348573088645935,128
Mali,switch_transfer,t,0.9930168986320496,0.5037775039672852,1.4826480150222778,0.993043065071106,0.8499454855918884,1.141098976135254,128
Mali,switch_transfer,lam,0.0,0.0,0.0,0.0,0.0,0.0,128
Mali,switch_transfer,f,0.0,0.0,0.0,0.0,0.0,0.0,128
Mali,switch_transfer,f_both,0.0,0.0,0.0,0.0,0.0,0.0,128
Mali,switch_transfer,trigger,0.0,0.0,0.0,0.0,0.0,0.0,128
Mali,switch_transfer,basis,0.0,0.0,0.0,0.0,0.0,0.0,128
Mali,switch_transfer,loading,0.0,0.0,0.0,0.0,0.0,0.0,128
Mali,switch_transfer,theta,0.0,0.0,0.0,0.0,0.0,0.0,128
Mali,d_pbelow_transfer,t,0.8971540927886963,0.5295776128768921,1.2402197122573853,0.8962531685829163,0.7631822228431702,1.0303975343704224,128
Mali,d_pbelow_transfer,lam,0.0,0.0,0.0,0.0,0.0,0.0,128
Mali,d_pbelow_transfer,f,0.0,0.0,0.0,0.0,0.0,0.0,128
Mali,d_pbelow_transfer,f_both,0.0,0.0,0.0,0.0,0.0,0.0,128
Mali,d_pbelow_transfer,trigger,0.0,0.0,0.0,0.0,0.0,0.0,128
Mali,d_pbelow_transfer,basis,0.0,0.0,0.0,0.0,0.0,0.0,128
Mali,d_pbelow_transfer,loading,0.0,0.0,0.0,0.0,0.0,0.0,128
Mali,d_pbelow_transfer,theta,0.021256353706121445,-0.07628457248210907,0.12842239439487457,0.08595160394906998,0.06680270284414291,0.10805764049291611,128
Mali,d_expinc_transfer,t,0.9934424757957458,0.5582045912742615,1.3644310235977173,0.9934471249580383,0.8797560930252075,1.1267714500427246,128
Mali,d_expinc_transfer,lam,0.0,0.0,0.0,0.0,0.0,0.0,128
Mali,d_expinc_transfer,f,0.0,0.0,0.0,0.0,0.0,0.0,128
Mali,d_expinc_transfer,f_both,0.0,0.0,0.0,0.0,0.0,0.0,128
Mali,d_expinc_transfer,trigger,0.0,0.0,0.0,0.0,0.0,0.0,128
Mali,d_expinc_transfer,basis,0.0,0.0,0.0,0.0,0.0,0.0,128
Mali,d_expinc_transfer,loading,0.0,0.0,0.0,0.0,0.0,0.0,128
Mali,d_expinc_transfer,theta,0.0,0.0,0.0,0.0,0.0,0.0,128
Mali,switch_contraction,t,0.0,0.0,0.0,0.0,0.0,0.0,128
Mali,switch_contraction,lam,0.9988252520561218,-0.22804933786392212,2.4098100662231445,0.9959713816642761,0.8724871873855591,1.134816288948059,128
Mali,switch_contraction,f,0.0,0.0,0.0,0.0,0.0,0.0,128
Mali,switch_contraction,f_both,0.0,0.0,0.0,0.0,0.0,0.0,128
Mali,switch_contraction,trigger,0.0,0.0,0.0,0.0,0.0,0.0,128
Mali,switch_contraction,basis,0.0,0.0,0.0,0.0,0.0,0.0,128
Mali,switch_contraction,loading,0.0,0.0,0.0,0.0,0.0,0.0,128
Mali,switch_contraction,theta,0.0,0.0,0.0,0.0,0.0,0.0,128
Mali,d_pbelow_contraction,t,0.0,0.0,0.0,0.0,0.0,0.0,128
Mali,d_pbelow_contraction,lam,0.8211736679077148,0.27551352977752686,1.3749045133590698,0.8259019255638123,0.6997807025909424,0.9697685241699219,128
Mali,d_pbelow_contraction,f,0.0,0.0,0.0,0.0,0.0,0.0,128
Mali,d_pbelow_contraction,f_both,0.0,0.0,0.0,0.0,0.0,0.0,128
Mali,d_pbelow_contraction,trigger,0.0,0.0,0.0,0.0,0.0,0.0,128
Mali,d_pbelow_contraction,basis,0.0,0.0,0.0,0.0,0.0,0.0,128
Mali,d_pbelow_contraction,loading,0.0,0.0,0.0,0.0,0.0,0.0,128
Mali,d_pbelow_contraction,theta,0.16527308523654938,-0.07230687141418457,0.438144713640213,0.16580240428447723,0.12503552436828613,0.21216405928134918,128
Mali,d_expinc_contraction,t,0.0,0.0,0.0,0.0,0.0,0.0,128
Mali,d_expinc_contraction,lam,0.9958677291870117,0.43122032284736633,1.4501588344573975,0.9958752393722534,0.8608072996139526,1.1308395862579346,128
Mali,d_expinc_contraction,f,0.0,0.0,0.0,0.0,0.0,0.0,128
Mali,d_expinc_contraction,f_both,0.0,0.0,0.0,0.0,0.0,0.0,128
Mali,d_expinc_contraction,trigger,0.0,0.0,0.0,0.0,0.0,0.0,128
Mali,d_expinc_contraction,basis,0.0,0.0,0.0,0.0,0.0,0.0,128
Mali,d_expinc_contraction,loading,0.0,0.0,0.0,0.0,0.0,0.0,128
Mali,d_expinc_contraction,theta,0.0,0.0,0.0,0.0,0.0,0.0,128
Mali,switch_safety_net,t,0.0,0.0,0.0,0.0,0.0,0.0,128
Mali,switch_safety_net,lam,0.0,0.0,0.0,0.0,0.0,0.0,128
Mali,switch_safety_net,f,0.9977472424507141,0.03716196119785309,1.8680176734924316,0.9979855418205261,0.865376889705658,1.1370906829833984,128
Mali,switch_safety_net,f_both,0.0,0.0,0.0,0.0,0.0,0.0,128
Mali,switch_safety_net,trigger,0.0,0.0,0.0,0.0,0.0,0.0,128
Mali,switch_safety_net,basis,0.0,0.0,0.0,0.0,0.0,0.0,128
Mali,switch_safety_net,loading,0.0,0.0,0.0,0.0,0.0,0.0,128
Mali,switch_safety_net,theta,0.0,0.0,0.0,0.0,0.0,0.0,128
Mali,d_pbelow_safety_net,t,0.0,0.0,0.0,0.0,0.0,0.0,128
Mali,d_pbelow_safety_net,lam,0.0,0.0,0.0,0.0,0.0,0.0,128
Mali,d_pbelow_safety_net,f,0.45354923605918884,0.1343575417995453,0.7411580681800842,1.0312235355377197,0.8378249406814575,1.2319213151931763,128
Mali,d_pbelow_safety_net,f_both,0.0,0.0,0.0,0.0,0.0,0.0,128
Mali,d_pbelow_safety_net,trigger,0.0,0.0,0.0,0.0,0.0,0.0,128
Mali,d_pbelow_safety_net,basis,0.0,0.0,0.0,0.0,0.0,0.0,128
Mali,d_pbelow_safety_net,loading,0.0,0.0,0.0,0.0,0.0,0.0,128
Mali,d_pbelow_safety_net,theta,-0.0020095359068363905,-0.22007758915424347,0.19194208085536957,0.37950849533081055,0.28467369079589844,0.5081760883331299,128
Mali,d_expinc_safety_net,t,0.0,0.0,0.0,0.0,0.0,0.0,128
Mali,d_expinc_safety_net,lam,0.0,0.0,0.0,0.0,0.0,0.0,128
Mali,d_expinc_safety_net,f,1.0006412267684937,0.7623886466026306,1.2674157619476318,0.9996204376220703,0.8748139142990112,1.1341103315353394,128
Mali,d_expinc_safety_net,f_both,0.0,0.0,0.0,0.0,0.0,0.0,128
Mali,d_expinc_safety_net,trigger,0.0,0.0,0.0,0.0,0.0,0.0,128
Mali,d_expinc_safety_net,basis,0.0,0.0,0.0,0.0,0.0,0.0,128
Mali,d_expinc_safety_net,loading,0.0,0.0,0.0,0.0,0.0,0.0,128
Mali,d_expinc_safety_net,theta,0.0,0.0,0.0,0.0,0.0,0.0,128
Mali,pd_safety_net,t,0.0,0.0,0.0,0.0,0.0,0.0,128
Mali,pd_safety_net,lam,0.0,0.0,0.0,0.0,0.0,0.0,128
Mali,pd_safety_net,f,-0.042420681565999985,-0.3154956102371216,0.22693590819835663,0.8130028247833252,0.6413247585296631,0.983032763004303,128
Mali,pd_safety_net,f_both,0.0,0.0,0.0,0.0,0.0,0.0,128
Mali,pd_safety_net,trigger,0.0,0.0,0.0,0.0,0.0,0.0,128
Mali,pd_safety_net,basis,0.0,0.0,0.0,0.0,0.0,0.0,128
Mali,pd_safety_net,loading,0.0,0.0,0.0,0.0,0.0,0.0,128
Mali,pd_safety_net,theta,0.09179903566837311,-0.08275074511766434,0.272789865732193,0.6515639424324036,0.45914536714553833,0.928139328956604,128
Mali,pdr_safety_net,t,0.0,0.0,0.0,0.0,0.0,0.0,128
Mali,pdr_safety_net,lam,0.0,0.0,0.0,0.0,0.0,0.0,128
Mali,pdr_safety_net,f,-0.042420681565999985,-0.2604648172855377,0.23267415165901184,0.8130028247833252,0.6745132207870483,1.0058839321136475,128
Mali,pdr_safety_net,f_both,0.0,0.0,0.0,0.0,0.0,0.0,128
Mali,pdr_safety_net,trigger,0.0,0.0,0.0,0.0,0.0,0.0,128
Mali,pdr_safety_net,basis,0.0,0.0,0.0,0.0,0.0,0.0,128
Mali,pdr_safety_net,loading,0.0,0.0,0.0,0.0,0.0,0.0,128
Mali,pdr_safety_net,theta,0.09179903566837311,-0.08051463961601257,0.28454869985580444,0.6515639424324036,0.4119780659675598,0.8850842714309692,128
Mali,switch_insurance,t,0.0,0.0,0.0,0.0,0.0,0.0,128
Mali,switch_insurance,lam,0.0,0.0,0.0,0.0,0.0,0.0,128
Mali,switch_insurance,f,0.0,0.0,0.0,0.0,0.0,0.0,128
Mali,switch_insurance,f_both,0.0,0.0,0.0,0.0,0.0,0.0,128
Mali,switch_insurance,trigger,0.6740664839744568,-0.012762186117470264,1.4922478199005127,0.6254987716674805,0.5305429100990295,0.7086902260780334,128
Mali,switch_insurance,basis,0.3390388786792755,-0.3863595724105835,1.0926005840301514,0.3661068379878998,0.31622281670570374,0.4349125623703003,128
Mali,switch_insurance,loading,0.0007369530503638089,-0.055548008531332016,0.05951652303338051,0.0025257691740989685,0.0020128395408391953,0.0031025621574372053,128
Mali,switch_insurance,theta,0.0,0.0,0.0,0.0,0.0,0.0,128
Mali,d_pbelow_insurance,t,0.0,0.0,0.0,0.0,0.0,0.0,128
Mali,d_pbelow_insurance,lam,0.0,0.0,0.0,0.0,0.0,0.0,128
Mali,d_pbelow_insurance,f,0.0,0.0,0.0,0.0,0.0,0.0,128
Mali,d_pbelow_insurance,f_both,0.0,0.0,0.0,0.0,0.0,0.0,128
Mali,d_pbelow_insurance,trigger,0.3096455931663513,0.13833706080913544,0.4781855046749115,0.6627342700958252,0.503836989402771,0.79427170753479,128
Mali,d_pbelow_insurance,basis,0.04860379546880722,-0.07775277644395828,0.17967131733894348,0.28450021147727966,0.19384506344795227,0.37241169810295105,128
Mali,d_pbelow_insurance,loading,0.006184066645801067,-0.06507965177297592,0.06896629929542542,0.06679358333349228,0.023731131106615067,0.1171613410115242,128
Mali,d_pbelow_insurance,theta,0.1421123445034027,-0.030475925654172897,0.3390878140926361,0.4687317907810211,0.3641210198402405,0.5858626961708069,128
Mali,d_expinc_insurance,t,0.0,0.0,0.0,0.0,0.0,0.0,128
Mali,d_expinc_insurance,lam,0.0,0.0,0.0,0.0,0.0,0.0,128
Mali,d_expinc_insurance,f,0.0,0.0,0.0,0.0,0.0,0.0,128
Mali,d_expinc_insurance,f_both,0.0,0.0,0.0,0.0,0.0,0.0,128
Mali,d_expinc_insurance,trigger,0.5082426071166992,-0.1605118066072464,1.0712846517562866,0.6893783807754517,0.5297722220420837,0.8699345588684082,128
Mali,d_expinc_insurance,basis,0.11340551823377609,-0.0498269684612751,0.28769373893737793,0.07462622225284576,0.05950426310300827,0.09386981278657913,128
Mali,d_expinc_insurance,loading,0.35459962487220764,-0.12191775441169739,0.9194201231002808,0.3653947710990906,0.25898653268814087,0.5047553181648254,128
Mali,d_expinc_insurance,theta,0.0,0.0,0.0,0.0,0.0,0.0,128
Mali,pd_insurance,t,0.0,0.0,0.0,0.0,0.0,0.0,128
Mali,pd_insurance,lam,0.0,0.0,0.0,0.0,0.0,0.0,128
Mali,pd_insurance,f,0.0,0.0,0.0,0.0,0.0,0.0,128
Mali,pd_insurance,f_both,0.0,0.0,0.0,0.0,0.0,0.0,128
Mali,pd_insurance,trigger,-0.000992059474810958,-0.01473655179142952,0.004246283322572708,0.11883817613124847,0.006642659194767475,0.28304439783096313,128
Mali,pd_insurance,basis,0.0008763151126913726,-0.00015820951375644654,0.018212849274277687,0.06531891226768494,0.003693558741360903,0.17957407236099243,128
Mali,pd_insurance,loading,1.4224486351013184,-0.007094379048794508,3.1531128883361816,1.7024670839309692,0.39803609251976013,2.626277208328247,128
Mali,pd_insurance,theta,0.0050698816776275635,-0.00215924228541553,0.07217647135257721,1.1764386892318726,0.00930990744382143,2.166877508163452,128
Mali,pdr_insurance,t,0.0,0.0,0.0,0.0,0.0,0.0,128
Mali,pdr_insurance,lam,0.0,0.0,0.0,0.0,0.0,0.0,128
Mali,pdr_insurance,f,0.0,0.0,0.0,0.0,0.0,0.0,128
Mali,pdr_insurance,f_both,0.0,0.0,0.0,0.0,0.0,0.0,128
Mali,pdr_insurance,trigger,0.04460165649652481,-0.17365983128547668,0.2382383495569229,0.6083413362503052,0.4866955578327179,0.7457429766654968,128
Mali,pdr_insurance,basis,0.012287929654121399,-0.09644731134176254,0.09202607721090317,0.23540042340755463,0.10847868770360947,0.4126209616661072,128
Mali,pdr_insurance,loading,0.030728766694664955,-0.026282984763383865,0.09170130640268326,0.06568372249603271,0.013541005551815033,0.14716339111328125,128
Mali,pdr_insurance,theta,0.20321010053157806,0.052091483026742935,0.358826607465744,0.48803237080574036,0.34613749384880066,0.6251063942909241,128
Mali,switch_both,t,0.0,0.0,0.0,0.0,0.0,0.0,128
Mali,switch_both,lam,0.0,0.0,0.0,0.0,0.0,0.0,128
Mali,switch_both,f,0.0,0.0,0.0,0.0,0.0,0.0,128
Mali,switch_both,f_both,0.28328338265419006,-0.6221681833267212,1.0642237663269043,0.2941460609436035,0.21887800097465515,0.3812448978424072,128
Mali,switch_both,trigger,0.6693118214607239,-0.6210942268371582,1.9348413944244385,0.6355733275413513,0.5330312252044678,0.7620578408241272,128
Mali,switch_both,basis,0.06017753481864929,-0.5319241881370544,0.6035590767860413,0.16046251356601715,0.12042141705751419,0.21319299936294556,128
Mali,switch_both,loading,-0.004578788764774799,-0.06046004220843315,0.05207590386271477,0.0012891617370769382,0.0009635051828809083,0.0017073201015591621,128
Mali,switch_both,theta,0.0,0.0,0.0,0.0,0.0,0.0,128
Mali,d_pbelow_both,t,0.0,0.0,0.0,0.0,0.0,0.0,128
Mali,d_pbelow_both,lam,0.0,0.0,0.0,0.0,0.0,0.0,128
Mali,d_pbelow_both,f,0.0,0.0,0.0,0.0,0.0,0.0,128
Mali,d_pbelow_both,f_both,0.1475280076265335,-0.04269378259778023,0.31616416573524475,0.3667397201061249,0.2431386411190033,0.5224295258522034,128
Mali,d_pbelow_both,trigger,0.3419763743877411,0.04082683473825455,0.5752004384994507,0.6621012091636658,0.4732041358947754,0.8615110516548157,128
Mali,d_pbelow_both,basis,-0.0749078243970871,-0.24630951881408691,0.08257139474153519,0.18064706027507782,0.09376426041126251,0.27787989377975464,128
Mali,d_pbelow_both,loading,-0.03635285422205925,-0.15748579800128937,0.0956912487745285,0.06556379050016403,0.022893689572811127,0.1190120205283165,128
Mali,d_pbelow_both,theta,0.0299284216016531,-0.22408172488212585,0.25641417503356934,0.5307902097702026,0.40533187985420227,0.6543850898742676,128
Mali,d_expinc_both,t,0.0,0.0,0.0,0.0,0.0,0.0,128
Mali,d_expinc_both,lam,0.0,0.0,0.0,0.0,0.0,0.0,128
Mali,d_expinc_both,f,0.0,0.0,0.0,0.0,0.0,0.0,128
Mali,d_expinc_both,f_both,0.7242478728294373,0.431741327047348,1.011215090751648,0.7676171660423279,0.6463088393211365,0.9068348407745361,128
Mali,d_expinc_both,trigger,0.1341991126537323,-0.014089498668909073,0.2860247790813446,0.18589381873607635,0.1406341791152954,0.24770194292068481,128
Mali,d_expinc_both,basis,0.028630515560507774,-0.0058732470497488976,0.06895539909601212,0.014729928225278854,0.009922008030116558,0.020182382315397263,128
Mali,d_expinc_both,loading,0.11548440903425217,-0.013133822940289974,0.2811826765537262,0.11522407829761505,0.07427864521741867,0.1738682985305786,128
Mali,d_expinc_both,theta,0.0,0.0,0.0,0.0,0.0,0.0,128
Mali,pd_both,t,0.0,0.0,0.0,0.0,0.0,0.0,128
Mali,pd_both,lam,0.0,0.0,0.0,0.0,0.0,0.0,128
Mali,pd_both,f,0.0,0.0,0.0,0.0,0.0,0.0,128
Mali,pd_both,f_both,0.19305820763111115,-0.01565304398536682,0.4992242455482483,0.5498554706573486,0.3129608929157257,0.8898061513900757,128
Mali,pd_both,trigger,0.10106196254491806,-0.020808327943086624,0.29483047127723694,0.3936218023300171,0.25725579261779785,0.6318774819374084,128
Mali,pd_both,basis,-0.015173057094216347,-0.11351240426301956,0.10462376475334167,0.49020493030548096,0.20761962234973907,0.7362868189811707,128
Mali,pd_both,loading,0.017291715368628502,-0.10068000853061676,0.16868022084236145,0.4875149130821228,0.2581886053085327,0.6696440577507019,128
Mali,pd_both,theta,0.09821949899196625,-0.1239968091249466,0.3591821491718292,0.7017788887023926,0.42890843749046326,1.0737712383270264,128
Mali,pdr_both,t,0.0,0.0,0.0,0.0,0.0,0.0,128
Mali,pdr_both,lam,0.0,0.0,0.0,0.0,0.0,0.0,128
Mali,pdr_both,f,0.0,0.0,0.0,0.0,0.0,0.0,128
Mali,pdr_both,f_both,0.1316160410642624,-0.014388066716492176,0.2882031202316284,0.3530025780200958,0.207212433218956,0.4982094466686249,128
Mali,pdr_both,trigger,0.1325501799583435,-0.09329072386026382,0.39955222606658936,0.6945122480392456,0.5497002601623535,0.8499740362167358,128
Mali,pdr_both,basis,-0.04531649872660637,-0.13368508219718933,0.048567838966846466,0.14683446288108826,0.07148342579603195,0.23065467178821564,128
Mali,pdr_both,loading,-0.036528173834085464,-0.09859546273946762,0.015423282980918884,0.0665205717086792,0.011760937049984932,0.14071150124073029,128
Mali,pdr_both,theta,0.11134880781173706,-0.06841887533664703,0.28121069073677063,0.6459553837776184,0.448540598154068,0.873095691204071,128
Mali,headline_ratio,t,0.976824939250946,0.27665573358535767,1.738846778869629,1.1606286764144897,1.0012640953063965,1.390067458152771,128
Mali,headline_ratio,lam,0.033258676528930664,-0.07128991186618805,0.13956154882907867,0.08669767528772354,0.05692782998085022,0.12813271582126617,128
Mali,headline_ratio,f,0.0,0.0,0.0,0.0,0.0,0.0,128
Mali,headline_ratio,f_both,0.0,0.0,0.0,0.0,0.0,0.0,128
Mali,headline_ratio,trigger,0.0,0.0,0.0,0.0,0.0,0.0,128
Mali,headline_ratio,basis,0.0,0.0,0.0,0.0,0.0,0.0,128
Mali,headline_ratio,loading,0.0,0.0,0.0,0.0,0.0,0.0,128
Mali,headline_ratio,theta,0.0,0.0,0.0,0.0,0.0,0.0,128
Mali,sn_better,t,0.0,0.0,0.0,0.0,0.0,0.0,128
Mali,sn_better,lam,0.0,0.0,0.0,0.0,0.0,0.0,128
Mali,sn_better,f,0.0651549025870329,-0.19958513932458116,0.3210308057586037,0.6678377515170872,0.5312223569063387,0.8019045048116996,128
Mali,sn_better,f_both,0.0,0.0,0.0,0.0,0.0,0.0,128
Mali,sn_better,trigger,0.1303098051740658,-0.03382984015585543,0.3080229052444401,0.3420632385819227,0.23438008179560837,0.4670370219025825,128
Mali,sn_better,basis,0.03257745129351645,-0.09922486847464015,0.19265638606676336,0.17917598211434047,0.11159677213351231,0.2704956662617467,128
Mali,sn_better,loading,0.03257745129351645,-0.03452925637958533,0.12797487511523953,0.048866176940274675,0.016080750968386855,0.0984787194513672,128
Mali,sn_better,theta,0.03257745129351645,-0.1952997002997003,0.22823082649606855,0.504950495049505,0.36382261637566676,0.6319046052631577,128
Mali,pbelow_none,t,0.0,0.0,0.0,0.0,0.0,0.0,128
Mali,pbelow_none,lam,0.0,0.0,0.0,0.0,0.0,0.0,128
Mali,pbelow_none,f,0.0,0.0,0.0,0.0,0.0,0.0,128
Mali,pbelow_none,f_both,0.0,0.0,0.0,0.0,0.0,0.0,128
Mali,pbelow_none,trigger,0.0,0.0,0.0,0.0,0.0,0.0,128
Mali,pbelow_none,basis,0.0,0.0,0.0,0.0,0.0,0.0,128
Mali,pbelow_none,loading,0.0,0.0,0.0,0.0,0.0,0.0,128
Mali,pbelow_none,theta,0.8074493408203125,-0.15558357536792755,1.8035930395126343,0.8074545860290527,0.6940666437149048,0.9617668986320496,128
Nigeria,switch_transfer,t,0.9931039214134216,0.39273783564567566,1.6157584190368652,0.9931349158287048,0.8321429491043091,1.1078262329101562,128
Nigeria,switch_transfer,lam,0.0,0.0,0.0,0.0,0.0,0.0,128
Nigeria,switch_transfer,f,0.0,0.0,0.0,0.0,0.0,0.0,128
Nigeria,switch_transfer,f_both,0.0,0.0,0.0,0.0,0.0,0.0,128
Nigeria,switch_transfer,trigger,0.0,0.0,0.0,0.0,0.0,0.0,128
Nigeria,switch_transfer,basis,0.0,0.0,0.0,0.0,0.0,0.0,128
Nigeria,switch_transfer,loading,0.0,0.0,0.0,0.0,0.0,0.0,128
Nigeria,switch_transfer,theta,0.0,0.0,0.0,0.0,0.0,0.0,128
Nigeria,d_pbelow_transfer,t,0.8657894730567932,0.537272572517395,1.2055531740188599,0.870328426361084,0.7425105571746826,1.0000483989715576,128
Nigeria,d_pbelow_transfer,lam,0.0,0.0,0.0,0.0,0.0,0.0,128
Nigeria,d_pbelow_transfer,f,0.0,0.0,0.0,0.0,0.0,0.0,128
Nigeria,d_pbelow_transfer,f_both,0.0,0.0,0.0,0.0,0.0,0.0,128
Nigeria,d_pbelow_transfer,trigger,0.0,0.0,0.0,0.0,0.0,0.0,128
Nigeria,d_pbelow_transfer,basis,0.0,0.0,0.0,0.0,0.0,0.0,128
Nigeria,d_pbelow_transfer,loading,0.0,0.0,0.0,0.0,0.0,0.0,128
Nigeria,d_pbelow_transfer,theta,0.0374363474547863,-0.07513239979743958,0.14428971707820892,0.11234136670827866,0.08437060564756393,0.1431756466627121,128
Nigeria,d_expinc_transfer,t,0.9939366579055786,0.6084508895874023,1.3088374137878418,0.9939393997192383,0.8398539423942566,1.131385087966919,128
Nigeria,d_expinc_transfer,lam,0.0,0.0,0.0,0.0,0.0,0.0,128
Nigeria,d_expinc_transfer,f,0.0,0.0,0.0,0.0,0.0,0.0,128
Nigeria,d_expinc_transfer,f_both,0.0,0.0,0.0,0.0,0.0,0.0,128
Nigeria,d_expinc_transfer,trigger,0.0,0.0,0.0,0.0,0.0,0.0,128
Nigeria,d_expinc_transfer,basis,0.0,0.0,0.0,0.0,0.0,0.0,128
Nigeria,d_expinc_transfer,loading,0.0,0.0,0.0,0.0,0.0,0.0,128
Nigeria,d_expinc_transfer,theta,0.0,0.0,0.0,0.0,0.0,0.0,128
Nigeria,switch_contraction,t,0.0,0.0,0.0,0.0,0.0,0.0,128
Nigeria,switch_contraction,lam,0.998521089553833,-0.13952842354774475,2.0628883838653564,0.9991776347160339,0.8481671214103699,1.1456959247589111,128
Nigeria,switch_contraction,f,0.0,0.0,0.0,0.0,0.0,0.0,128
Nigeria,switch_contraction,f_both,0.0,0.0,0.0,0.0,0.0,0.0,128
Nigeria,switch_contraction,trigger,0.0,0.0,0.0,0.0,0.0,0.0,128
Nigeria,switch_contraction,basis,0.0,0.0,0.0,0.0,0.0,0.0,128
Nigeria,switch_contraction,loading,0.0,0.0,0.0,0.0,0.0,0.0,128
Nigeria,switch_contraction,theta,0.0,0.0,0.0,0.0,0.0,0.0,128
Nigeria,d_pbelow_contraction,t,0.0,0.0,0.0,0.0,0.0,0.0,128
Nigeria,d_pbelow_contraction,lam,0.9591795802116394,0.24647156894207,1.6753859519958496,0.9758090376853943,0.8520810604095459,1.151776909828186,128
Nigeria,d_pbelow_contraction,f,0.0,0.0,0.0,0.0,0.0,0.0,128
Nigeria,d_pbelow_contraction,f_both,0.0,0.0,0.0,0.0,0.0,0.0,128
Nigeria,d_pbelow_contraction,trigger,0.0,0.0,0.0,0.0,0.0,0.0,128
Nigeria,d_pbelow_contraction,basis,0.0,0.0,0.0,0.0,0.0,0.0,128
Nigeria,d_pbelow_contraction,loading,0.0,0.0,0.0,0.0,0.0,0.0,128
Nigeria,d_pbelow_contraction,theta,0.008939774706959724,-0.11646533757448196,0.10940583795309067,0.019251244142651558,0.015020295977592468,0.02430877462029457,128
Nigeria,d_expinc_contraction,t,0.0,0.0,0.0,0.0,0.0,0.0,128
Nigeria,d_expinc_contraction,lam,0.9939716458320618,0.447142094373703,1.6482362747192383,0.9940952062606812,0.8730887174606323,1.132736086845398,128
Nigeria,d_expinc_contraction,f,0.0,0.0,0.0,0.0,0.0,0.0,128
Nigeria,d_expinc_contraction,f_both,0.0,0.0,0.0,0.0,0.0,0.0,128
Nigeria,d_expinc_contraction,trigger,0.0,0.0,0.0,0.0,0.0,0.0,128
Nigeria,d_expinc_contraction,basis,0.0,0.0,0.0,0.0,0.0,0.0,128
Nigeria,d_expinc_contraction,loading,0.0,0.0,0.0,0.0,0.0,0.0,128
Nigeria,d_expinc_contraction,theta,0.0,0.0,0.0,0.0,0.0,0.0,128
Nigeria,switch_safety_net,t,0.0,0.0,0.0,0.0,0.0,0.0,128
Nigeria,switch_safety_net,lam,0.0,0.0,0.0,0.0,0.0,0.0,128
Nigeria,switch_safety_net,f,0.9980005621910095,0.0028127955738455057,2.0152640342712402,0.9977437257766724,0.8536862730979919,1.1475298404693604,128
Nigeria,switch_safety_net,f_both,0.0,0.0,0.0,0.0,0.0,0.0,128
Nigeria,switch_safety_net,trigger,0.0,0.0,0.0,0.0,0.0,0.0,128
Nigeria,switch_safety_net,basis,0.0,0.0,0.0,0.0,0.0,0.0,128
Nigeria,switch_safety_net,loading,0.0,0.0,0.0,0.0,0.0,0.0,128
Nigeria,switch_safety_net,theta,0.0,0.0,0.0,0.0,0.0,0.0,128
Nigeria,d_pbelow_safety_net,t,0.0,0.0,0.0,0.0,0.0,0.0,128
Nigeria,d_pbelow_safety_net,lam,0.0,0.0,0.0,0.0,0.0,0.0,128
Nigeria,d_pbelow_safety_net,f,0.4535524547100067,0.15184713900089264,0.8534618616104126,1.0280206203460693,0.8552682399749756,1.2509146928787231,128
Nigeria,d_pbelow_safety_net,f_both,0.0,0.0,0.0,0.0,0.0,0.0,128
Nigeria,d_pbelow_safety_net,trigger,0.0,0.0,0.0,0.0,0.0,0.0,128
Nigeria,d_pbelow_safety_net,basis,0.0,0.0,0.0,0.0,0.0,0.0,128
Nigeria,d_pbelow_safety_net,loading,0.0,0.0,0.0,0.0,0.0,0.0,128
Nigeria,d_pbelow_safety_net,theta,-0.000584820460062474,-0.1931440681219101,0.20363245904445648,0.37405627965927124,0.2709083557128906,0.48901665210723877,128
Nigeria,d_expinc_safety_net,t,0.0,0.0,0.0,0.0,0.0,0.0,128
Nigeria,d_expinc_safety_net,lam,0.0,0.0,0.0,0.0,0.0,0.0,128
Nigeria,d_expinc_safety_net,f,1.0262266397476196,0.5057939291000366,1.646335244178772,1.0239111185073853,0.9124577045440674,1.1297826766967773,128
Nigeria,d_expinc_safety_net,f_both,0.0,0.0,0.0,0.0,0.0,0.0,128
Nigeria,d_expinc_safety_net,trigger,0.0,0.0,0.0,0.0,0.0,0.0,128
Nigeria,d_expinc_safety_net,basis,0.0,0.0,0.0,0.0,0.0,0.0,128
Nigeria,d_expinc_safety_net,loading,0.0,0.0,0.0,0.0,0.0,0.0,128
Nigeria,d_expinc_safety_net,theta,0.0,0.0,0.0,0.0,0.0,0.0,128
Nigeria,pd_safety_net,t,0.0,0.0,0.0,0.0,0.0,0.0,128
Nigeria,pd_safety_net,lam,0.0,0.0,0.0,0.0,0.0,0.0,128
Nigeria,pd_safety_net,f,-0.045133620500564575,-0.33940932154655457,0.25461071729660034,0.817882239818573,0.6764360666275024,1.0009709596633911,128
Nigeria,pd_safety_net,f_both,0.0,0.0,0.0,0.0,0.0,0.0,128
Nigeria,pd_safety_net,trigger,0.0,0.0,0.0,0.0,0.0,0.0,128
Nigeria,pd_safety_net,basis,0.0,0.0,0.0,0.0,0.0,0.0,128
Nigeria,pd_safety_net,loading,0.0,0.0,0.0,0.0,0.0,0.0,128
Nigeria,pd_safety_net,theta,0.08451179414987564,-0.06941156089305878,0.2858659625053406,0.6522369384765625,0.45298057794570923,0.8702738881111145,128
Nigeria,pdr_safety_net,t,0.0,0.0,0.0,0.0,0.0,0.0,128
Nigeria,pdr_safety_net,lam,0.0,0.0,0.0,0.0,0.0,0.0,128
Nigeria,pdr_safety_net,f,-0.045133620500564575,-0.2742766737937927,0.25985056161880493,0.817882239818573,0.6745054721832275,1.0307356119155884,128
Nigeria,pdr_safety_net,f_both,0.0,0.0,0.0,0.0,0.0,0.0,128
Nigeria,pdr_safety_net,trigger,0.0,0.0,0.0,0.0,0.0,0.0,128
Nigeria,pdr_safety_net,basis,0.0,0.0,0.0,0.0,0.0,0.0,128
Nigeria,pdr_safety_net,loading,0.0,0.0,0.0,0.0,0.0,0.0,128
Nigeria,pdr_safety_net,theta,0.08451179414987564,-0.08018053323030472,0.2994767725467682,0.6522369384765625,0.42304131388664246,0.9133511781692505,128
Nigeria,switch_insurance,t,0.0,0.0,0.0,0.0,0.0,0.0,128
Nigeria,switch_insurance,lam,0.0,0.0,0.0,0.0,0.0,0.0,128
Nigeria,switch_insurance,f,0.0,0.0,0.0,0.0,0.0,0.0,128
Nigeria,switch_insurance,f_both,0.0,0.0,0.0,0.0,0.0,0.0,128
Nigeria,switch_insurance,trigger,0.7495481371879578,-0.2789612114429474,1.8606817722320557,0.6929987668991089,0.5817831158638,0.7817066311836243,128
Nigeria,switch_insurance,basis,0.2757534384727478,-0.42535367608070374,0.9430025815963745,0.2869279086589813,0.24319607019424438,0.33634063601493835,128
Nigeria,switch_insurance,loading,0.005736192222684622,-0.12882359325885773,0.13958460092544556,0.011805905029177666,0.009050431661307812,0.0148268798366189,128
Nigeria,switch_insurance,theta,0.0,0.0,0.0,0.0,0.0,0.0,128
Nigeria,d_pbelow_insurance,t,0.0,0.0,0.0,0.0,0.0,0.0,128
Nigeria,d_pbelow_insurance,lam,0.0,0.0,0.0,0.0,0.0,0.0,128
Nigeria,d_pbelow_insurance,f,0.0,0.0,0.0,0.0,0.0,0.0,128
Nigeria,d_pbelow_insurance,f_both,0.0,0.0,0.0,0.0,0.0,0.0,128
Nigeria,d_pbelow_insurance,trigger,0.29095566272735596,0.10417729616165161,0.48450127243995667,0.6618675589561462,0.501086413860321,0.8397219777107239,128
Nigeria,d_pbelow_insurance,basis,-0.00016992268501780927,-0.09928178787231445,0.10586855560541153,0.21665553748607635,0.15399262309074402,0.29685166478157043,128
Nigeria,d_pbelow_insurance,loading,0.00972655788064003,-0.039910074323415756,0.05419454723596573,0.036396708339452744,0.019274180755019188,0.06338848173618317,128
Nigeria,d_pbelow_insurance,theta,0.21442802250385284,0.043163448572158813,0.3919399082660675,0.47143638134002686,0.34691956639289856,0.5575273036956787,128
Nigeria,d_expinc_insurance,t,0.0,0.0,0.0,0.0,0.0,0.0,128
Nigeria,d_expinc_insurance,lam,0.0,0.0,0.0,0.0,0.0,0.0,128
Nigeria,d_expinc_insurance,f,0.0,0.0,0.0,0.0,0.0,0.0,128
Nigeria,d_expinc_insurance,f_both,0.0,0.0,0.0,0.0,0.0,0.0,128
Nigeria,d_expinc_insurance,trigger,0.8212395906448364,0.26731032133102417,1.4977048635482788,0.849149763584137,0.7149108648300171,0.994544267654419,128
Nigeria,d_expinc_insurance,basis,0.1251278817653656,-0.1262170523405075,0.4019918739795685,0.13615567982196808,0.11102113127708435,0.15824894607067108,128
Nigeria,d_expinc_insurance,loading,0.06362064927816391,-0.09000279009342194,0.22430630028247833,0.04249972850084305,0.0292460136115551,0.06226316839456558,128
Nigeria,d_expinc_insurance,theta,0.0,0.0,0.0,0.0,0.0,0.0,128
Nigeria,pd_insurance,t,0.0,0.0,0.0,0.0,0.0,0.0,128
Nigeria,pd_insurance,lam,0.0,0.0,0.0,0.0,0.0,0.0,128
Nigeria,pd_insurance,f,0.0,0.0,0.0,0.0,0.0,0.0,128
Nigeria,pd_insurance,f_both,0.0,0.0,0.0,0.0,0.0,0.0,128
Nigeria,pd_insurance,trigger,-0.002026377012953162,-0.014174366369843483,0.002197170164436102,0.04147122800350189,0.008913824334740639,0.2962055206298828,128
Nigeria,pd_insurance,basis,0.0006204727105796337,-0.0007026653620414436,0.0255386084318161,0.05915261432528496,0.003439784049987793,0.17064787447452545,128
Nigeria,pd_insurance,loading,-0.27469828724861145,-0.5054096579551697,0.28245675563812256,0.5050316452980042,0.11586029082536697,0.994157075881958,128
Nigeria,pd_insurance,theta,0.006159792188555002,-0.00030084443278610706,0.11517738550901413,1.0009390115737915,0.009079528972506523,2.219426393508911,128
Nigeria,pdr_insurance,t,0.0,0.0,0.0,0.0,0.0,0.0,128
Nigeria,pdr_insurance,lam,0.0,0.0,0.0,0.0,0.0,0.0,128
Nigeria,pdr_insurance,f,0.0,0.0,0.0,0.0,0.0,0.0,128
Nigeria,pdr_insurance,f_both,0.0,0.0,0.0,0.0,0.0,0.0,128
Nigeria,pdr_insurance,trigger,0.04574403911828995,-0.16107513010501862,0.25945189595222473,0.6076527237892151,0.494140088558197,0.7496548891067505,128
Nigeria,pdr_insurance,basis,-0.015010703355073929,-0.07684042304754257,0.0456097275018692,0.12635253369808197,0.08778953552246094,0.19507412612438202,128
Nigeria,pdr_insurance,loading,0.009399054571986198,-0.020462917163968086,0.03943892568349838,0.02672092616558075,0.016159407794475555,0.04157399758696556,128
Nigeria,pdr_insurance,theta,0.2670997977256775,0.10086261481046677,0.45402878522872925,0.5227561593055725,0.40107986330986023,0.6699585318565369,128
Nigeria,switch_both,t,0.0,0.0,0.0,0.0,0.0,0.0,128
Nigeria,switch_both,lam,0.0,0.0,0.0,0.0,0.0,0.0,128
Nigeria,switch_both,f,0.0,0.0,0.0,0.0,0.0,0.0,128
Nigeria,switch_both,f_both,0.34934553503990173,-0.8916674256324768,1.4354376792907715,0.37289395928382874,0.2741432785987854,0.49057984352111816,128
Nigeria,switch_both,trigger,0.60406094789505,-0.8932479023933411,1.63246488571167,0.5804300904273987,0.48418352007865906,0.7257847785949707,128
Nigeria,switch_both,basis,0.02404399961233139,-0.7046356797218323,0.6529216170310974,0.11267466843128204,0.08507221937179565,0.1476655900478363,128
Nigeria,switch_both,loading,-0.008277819491922855,-0.15489262342453003,0.13632367551326752,0.00626249797642231,0.004860528279095888,0.008123979903757572,128
Nigeria,switch_both,theta,0.0,0.0,0.0,0.0,0.0,0.0,128
Nigeria,d_pbelow_both,t,0.0,0.0,0.0,0.0,0.0,0.0,128
Nigeria,d_pbelow_both,lam,0.0,0.0,0.0,0.0,0.0,0.0,128
Nigeria,d_pbelow_both,f,0.0,0.0,0.0,0.0,0.0,0.0,128
Nigeria,d_pbelow_both,f_both,0.22358354926109314,0.012689356692135334,0.4492546319961548,0.49806150794029236,0.3560778796672821,0.6505885720252991,128
Nigeria,d_pbelow_both,trigger,0.2617015242576599,0.029149888083338737,0.5382086634635925,0.5893853306770325,0.4543735086917877,0.7774820923805237,128
Nigeria,d_pbelow_both,basis,0.026624105870723724,-0.11626844853162766,0.1755947470664978,0.17275409400463104,0.0967322364449501,0.26318690180778503,128
Nigeria,d_pbelow_both,loading,0.031946975737810135,-0.06119614839553833,0.1271030455827713,0.07659406960010529,0.024710429832339287,0.14874780178070068,128
Nigeria,d_pbelow_both,theta,0.1246294304728508,-0.08321668952703476,0.34958046674728394,0.5117167830467224,0.4026881158351898,0.6554669737815857,128
Nigeria,d_expinc_both,t,0.0,0.0,0.0,0.0,0.0,0.0,128
Nigeria,d_expinc_both,lam,0.0,0.0,0.0,0.0,0.0,0.0,128
Nigeria,d_expinc_both,f,0.0,0.0,0.0,0.0,0.0,0.0,128
Nigeria,d_expinc_both,f_both,0.14210008084774017,-0.16368792951107025,0.493872731924057,0.19488348066806793,0.14050398766994476,0.24945051968097687,128
Nigeria,d_expinc_both,trigger,0.7422654032707214,0.09152135252952576,1.4815973043441772,0.7952824831008911,0.6714769601821899,0.928180992603302,128
Nigeria,d_expinc_both,basis,0.05313366651535034,-0.1580338180065155,0.2909553647041321,0.08908924460411072,0.06613936275243759,0.11407935619354248,128
Nigeria,d_expinc_both,loading,0.07577739655971527,-0.07666036486625671,0.2532554864883423,0.04216236248612404,0.02652626298367977,0.06074431166052818,128
Nigeria,d_expinc_both,theta,0.0,0.0,0.0,0.0,0.0,0.0,128
Nigeria,pd_both,t,0.0,0.0,0.0,0.0,0.0,0.0,128
Nigeria,pd_both,lam,0.0,0.0,0.0,0.0,0.0,0.0,128
Nigeria,pd_both,f,0.0,0.0,0.0,0.0,0.0,0.0,128
Nigeria,pd_both,f_both,0.19710665941238403,-0.05895379185676575,0.5400433540344238,0.5043537020683289,0.31407105922698975,0.8428909182548523,128
Nigeria,pd_both,trigger,0.08534859865903854,-0.07005433738231659,0.2656245231628418,0.43889546394348145,0.26672282814979553,0.7139175534248352,128
Nigeria,pd_both,basis,0.010860218666493893,-0.10201430320739746,0.19390054047107697,0.39902520179748535,0.188625305891037,0.6143536567687988,128
Nigeria,pd_both,loading,0.04432088881731033,-0.0794292613863945,0.22777633368968964,0.4423118829727173,0.16341853141784668,0.6560885310173035,128
Nigeria,pd_both,theta,0.15367978811264038,-0.0488717257976532,0.3873218595981598,0.5584744811058044,0.37083700299263,0.8749092817306519,128
Nigeria,pdr_both,t,0.0,0.0,0.0,0.0,0.0,0.0,128
Nigeria,pdr_both,lam,0.0,0.0,0.0,0.0,0.0,0.0,128
Nigeria,pdr_both,f,0.0,0.0,0.0,0.0,0.0,0.0,128
Nigeria,pdr_both,f_both,0.16339388489723206,-0.032567478716373444,0.3386197090148926,0.46358418464660645,0.3424351215362549,0.6267209649085999,128
Nigeria,pdr_both,trigger,0.01576865464448929,-0.1998569816350937,0.2040605992078781,0.6109028458595276,0.49107563495635986,0.7640693187713623,128
Nigeria,pdr_both,basis,0.013452472165226936,-0.06281716376543045,0.09576579183340073,0.101709745824337,0.06394488364458084,0.1512240469455719,128
Nigeria,pdr_both,loading,0.0027862507849931717,-0.04452206566929817,0.05214928463101387,0.0488254614174366,0.01604299806058407,0.09542600810527802,128
Nigeria,pdr_both,theta,0.17342035472393036,-0.03503275290131569,0.3375393748283386,0.6028745174407959,0.411479651927948,0.7503480315208435,128
Nigeria,headline_ratio,t,0.9867342114448547,0.38092824816703796,1.7963091135025024,1.0841176509857178,0.9475728273391724,1.2636231184005737,128
Nigeria,headline_ratio,lam,0.07887930423021317,-0.07244297116994858,0.2599334120750427,0.15193702280521393,0.09506697952747345,0.2309105396270752,128
Nigeria,headline_ratio,f,0.0,0.0,0.0,0.0,0.0,0.0,128
Nigeria,headline_ratio,f_both,0.0,0.0,0.0,0.0,0.0,0.0,128
Nigeria,headline_ratio,trigger,0.0,0.0,0.0,0.0,0.0,0.0,128
Nigeria,headline_ratio,basis,0.0,0.0,0.0,0.0,0.0,0.0,128
Nigeria,headline_ratio,loading,0.0,0.0,0.0,0.0,0.0,0.0,128
Nigeria,headline_ratio,theta,0.0,0.0,0.0,0.0,0.0,0.0,128
Nigeria,sn_better,t,0.0,0.0,0.0,0.0,0.0,0.0,128
Nigeria,sn_better,lam,0.0,0.0,0.0,0.0,0.0,0.0,128
Nigeria,sn_better,f,0.0,-0.2940048773686033,0.2927199517157654,0.6283716283716284,0.5103344106378206,0.7835894083033672,128
Nigeria,sn_better,f_both,0.0,0.0,0.0,0.0,0.0,0.0,128
Nigeria,sn_better,trigger,0.03396603396603397,-0.20704323445122516,0.24823891958509678,0.37362637362637363,0.2620650880369891,0.4951047252594191,128
Nigeria,sn_better,basis,0.03396603396603397,-0.14319478538867883,0.22463879220858518,0.23776223776223776,0.145828621401403,0.33989160525597534,128
Nigeria,sn_better,loading,-0.03396603396603397,-0.10008205017659491,0.0,0.03396603396603397,0.0,0.08680117467890813,128
Nigeria,sn_better,theta,0.06793206793206794,-0.18110231545616468,0.3001706915299349,0.6113886113886113,0.48337880568864416,0.7643289503888088,128
Nigeria,pbelow_none,t,0.0,0.0,0.0,0.0,0.0,0.0,128
Nigeria,pbelow_none,lam,0.0,0.0,0.0,0.0,0.0,0.0,128
Nigeria,pbelow_none,f,0.0,0.0,0.0,0.0,0.0,0.0,128
Nigeria,pbelow_none,f_both,0.0,0.0,0.0,0.0,0.0,0.0,128
Nigeria,pbelow_none,trigger,0.0,0.0,0.0,0.0,0.0,0.0,128
Nigeria,pbelow_none,basis,0.0,0.0,0.0,0.0,0.0,0.0,128
Nigeria,pbelow_none,loading,0.0,0.0,0.0,0.0,0.0,0.0,128
Nigeria,pbelow_none,theta,0.8069649338722229,-0.05550558492541313,1.8346165418624878,0.8069701194763184,0.6976565718650818,0.9383189082145691,128
Tanzania,switch_transfer,t,0.9931086897850037,0.3620104491710663,1.5898792743682861,0.9931185245513916,0.8498926758766174,1.1288090944290161,128
Tanzania,switch_transfer,lam,0.0,0.0,0.0,0.0,0.0,0.0,128
Tanzania,switch_transfer,f,0.0,0.0,0.0,0.0,0.0,0.0,128
Tanzania,switch_transfer,f_both,0.0,0.0,0.0,0.0,0.0,0.0,128
Tanzania,switch_transfer,trigger,0.0,0.0,0.0,0.0,0.0,0.0,128
Tanzania,switch_transfer,basis,0.0,0.0,0.0,0.0,0.0,0.0,128
Tanzania,switch_transfer,loading,0.0,0.0,0.0,0.0,0.0,0.0,128
Tanzania,switch_transfer,theta,0.0,0.0,0.0,0.0,0.0,0.0,128
Tanzania,d_pbelow_transfer,t,0.9464868307113647,0.6334362626075745,1.356080412864685,0.9318206310272217,0.8015643358230591,1.0970847606658936,128
Tanzania,d_pbelow_transfer,lam,0.0,0.0,0.0,0.0,0.0,0.0,128
Tanzania,d_pbelow_transfer,f,0.0,0.0,0.0,0.0,0.0,0.0,128
Tanzania,d_pbelow_transfer,f_both,0.0,0.0,0.0,0.0,0.0,0.0,128
Tanzania,d_pbelow_transfer,trigger,0.0,0.0,0.0,0.0,0.0,0.0,128
Tanzania,d_pbelow_transfer,basis,0.0,0.0,0.0,0.0,0.0,0.0,128
Tanzania,d_pbelow_transfer,loading,0.0,0.0,0.0,0.0,0.0,0.0,128
Tanzania,d_pbelow_transfer,theta,0.035009633749723434,-0.05945882573723793,0.12669289112091064,0.05618108808994293,0.04274284094572067,0.0723932534456253,128
Tanzania,d_expinc_transfer,t,0.9930431246757507,0.5321005582809448,1.4248509407043457,0.993059515953064,0.8786861896514893,1.152783751487732,128
Tanzania,d_expinc_transfer,lam,0.0,0.0,0.0,0.0,0.0,0.0,128
Tanzania,d_expinc_transfer,f,0.0,0.0,0.0,0.0,0.0,0.0,128
Tanzania,d_expinc_transfer,f_both,0.0,0.0,0.0,0.0,0.0,0.0,128
Tanzania,d_expinc_transfer,trigger,0.0,0.0,0.0,0.0,0.0,0.0,128
Tanzania,d_expinc_transfer,basis,0.0,0.0,0.0,0.0,0.0,0.0,128
Tanzania,d_expinc_transfer,loading,0.0,0.0,0.0,0.0,0.0,0.0,128
Tanzania,d_expinc_transfer,theta,0.0,0.0,0.0,0.0,0.0,0.0,128
Tanzania,switch_contraction,t,0.0,0.0,0.0,0.0,0.0,0.0,128
Tanzania,switch_contraction,lam,0.9927144646644592,0.002668243832886219,1.9395813941955566,0.993226170539856,0.8685606122016907,1.1274818181991577,128
Tanzania,switch_contraction,f,0.0,0.0,0.0,0.0,0.0,0.0,128
Tanzania,switch_contraction,f_both,0.0,0.0,0.0,0.0,0.0,0.0,128
Tanzania,switch_contraction,trigger,0.0,0.0,0.0,0.0,0.0,0.0,128
Tanzania,switch_contraction,basis,0.0,0.0,0.0,0.0,0.0,0.0,128
Tanzania,switch_contraction,loading,0.0,0.0,0.0,0.0,0.0,0.0,128
Tanzania,switch_contraction,theta,0.0,0.0,0.0,0.0,0.0,0.0,128
Tanzania,d_pbelow_contraction,t,0.0,0.0,0.0,0.0,0.0,0.0,128
Tanzania,d_pbelow_contraction,lam,0.9461094737052917,0.38051918148994446,1.4994982481002808,0.9865721464157104,0.8340564370155334,1.1260316371917725,128
Tanzania,d_pbelow_contraction,f,0.0,0.0,0.0,0.0,0.0,0.0,128
Tanzania,d_pbelow_contraction,f_both,0.0,0.0,0.0,0.0,0.0,0.0,128
Tanzania,d_pbelow_contraction,trigger,0.0,0.0,0.0,0.0,0.0,0.0,128
Tanzania,d_pbelow_contraction,basis,0.0,0.0,0.0,0.0,0.0,0.0,128
Tanzania,d_pbelow_contraction,loading,0.0,0.0,0.0,0.0,0.0,0.0,128
Tanzania,d_pbelow_contraction,theta,0.019004682078957558,-0.10962841659784317,0.16356226801872253,0.04119873046875,0.033266108483076096,0.05171385034918785,128
Tanzania,d_expinc_contraction,t,0.0,0.0,0.0,0.0,0.0,0.0,128
Tanzania,d_expinc_contraction,lam,0.9947158694267273,0.518846869468689,1.560498833656311,0.9948102235794067,0.8782148957252502,1.1263082027435303,128
Tanzania,d_expinc_contraction,f,0.0,0.0,0.0,0.0,0.0,0.0,128
Tanzania,d_expinc_contraction,f_both,0.0,0.0,0.0,0.0,0.0,0.0,128
Tanzania,d_expinc_contraction,trigger,0.0,0.0,0.0,0.0,0.0,0.0,128
Tanzania,d_expinc_contraction,basis,0.0,0.0,0.0,0.0,0.0,0.0,128
Tanzania,d_expinc_contraction,loading,0.0,0.0,0.0,0.0,0.0,0.0,128
Tanzania,d_expinc_contraction,theta,0.0,0.0,0.0,0.0,0.0,0.0,128
Tanzania,switch_safety_net,t,0.0,0.0,0.0,0.0,0.0,0.0,128
Tanzania,switch_safety_net,lam,0.0,0.0,0.0,0.0,0.0,0.0,128
Tanzania,switch_safety_net,f,0.9966700077056885,0.21869345009326935,1.8465348482131958,0.9968065619468689,0.8720607161521912,1.1532506942749023,128
Tanzania,switch_safety_net,f_both,0.0,0.0,0.0,0.0,0.0,0.0,128
Tanzania,switch_safety_net,trigger,0.0,0.0,0.0,0.0,0.0,0.0,128
Tanzania,switch_safety_net,basis,0.0,0.0,0.0,0.0,0.0,0.0,128
Tanzania,switch_safety_net,loading,0.0,0.0,0.0,0.0,0.0,0.0,128
Tanzania,switch_safety_net,theta,0.0,0.0,0.0,0.0,0.0,0.0,128
Tanzania,d_pbelow_safety_net,t,0.0,0.0,0.0,0.0,0.0,0.0,128
Tanzania,d_pbelow_safety_net,lam,0.0,0.0,0.0,0.0,0.0,0.0,128
Tanzania,d_pbelow_safety_net,f,0.45576125383377075,0.1153247207403183,0.7587777376174927,1.0358598232269287,0.8701794147491455,1.2021327018737793,128
Tanzania,d_pbelow_safety_net,f_both,0.0,0.0,0.0,0.0,0.0,0.0,128
Tanzania,d_pbelow_safety_net,trigger,0.0,0.0,0.0,0.0,0.0,0.0,128
Tanzania,d_pbelow_safety_net,basis,0.0,0.0,0.0,0.0,0.0,0.0,128
Tanzania,d_pbelow_safety_net,loading,0.0,0.0,0.0,0.0,0.0,0.0,128
Tanzania,d_pbelow_safety_net,theta,-0.008081958629190922,-0.20406772196292877,0.2113140970468521,0.3727503716945648,0.2713090181350708,0.4638170301914215,128
Tanzania,d_expinc_safety_net,t,0.0,0.0,0.0,0.0,0.0,0.0,128
Tanzania,d_expinc_safety_net,lam,0.0,0.0,0.0,0.0,0.0,0.0,128
Tanzania,d_expinc_safety_net,f,1.0047017335891724,0.5644662380218506,1.4928101301193237,1.0065256357192993,0.8733382821083069,1.154521107673645,128
Tanzania,d_expinc_safety_net,f_both,0.0,0.0,0.0,0.0,0.0,0.0,128
Tanzania,d_expinc_safety_net,trigger,0.0,0.0,0.0,0.0,0.0,0.0,128
Tanzania,d_expinc_safety_net,basis,0.0,0.0,0.0,0.0,0.0,0.0,128
Tanzania,d_expinc_safety_net,loading,0.0,0.0,0.0,0.0,0.0,0.0,128
Tanzania,d_expinc_safety_net,theta,0.0,0.0,0.0,0.0,0.0,0.0,128
Tanzania,pd_safety_net,t,0.0,0.0,0.0,0.0,0.0,0.0,128
Tanzania,pd_safety_net,lam,0.0,0.0,0.0,0.0,0.0,0.0,128
Tanzania,pd_safety_net,f,-0.10024453699588776,-0.3639548420906067,0.1596488505601883,0.7553266286849976,0.5809146761894226,0.9887335896492004,128
Tanzania,pd_safety_net,f_both,0.0,0.0,0.0,0.0,0.0,0.0,128
Tanzania,pd_safety_net,trigger,0.0,0.0,0.0,0.0,0.0,0.0,128
Tanzania,pd_safety_net,basis,0.0,0.0,0.0,0.0,0.0,0.0,128
Tanzania,pd_safety_net,loading,0.0,0.0,0.0,0.0,0.0,0.0,128
Tanzania,pd_safety_net,theta,0.06311242282390594,-0.1553100049495697,0.2763404846191406,0.6645152568817139,0.4302946925163269,0.9153251051902771,128
Tanzania,pdr_safety_net,t,0.0,0.0,0.0,0.0,0.0,0.0,128
Tanzania,pdr_safety_net,lam,0.0,0.0,0.0,0.0,0.0,0.0,128
Tanzania,pdr_safety_net,f,-0.10024453699588776,-0.30771705508232117,0.15233290195465088,0.7553266286849976,0.5706429481506348,0.9780986309051514,128
Tanzania,pdr_safety_net,f_both,0.0,0.0,0.0,0.0,0.0,0.0,128
Tanzania,pdr_safety_net,trigger,0.0,0.0,0.0,0.0,0.0,0.0,128
Tanzania,pdr_safety_net,basis,0.0,0.0,0.0,0.0,0.0,0.0,128
Tanzania,pdr_safety_net,loading,0.0,0.0,0.0,0.0,0.0,0.0,128
Tanzania,pdr_safety_net,theta,0.06311242282390594,-0.11184950917959213,0.30117806792259216,0.6645152568817139,0.4649098515510559,0.9098413586616516,128
Tanzania,switch_insurance,t,0.0,0.0,0.0,0.0,0.0,0.0,128
Tanzania,switch_insurance,lam,0.0,0.0,0.0,0.0,0.0,0.0,128
Tanzania,switch_insurance,f,0.0,0.0,0.0,0.0,0.0,0.0,128
Tanzania,switch_insurance,f_both,0.0,0.0,0.0,0.0,0.0,0.0,128
Tanzania,switch_insurance,trigger,0.7687015533447266,-0.2457234412431717,1.6958997249603271,0.7162901163101196,0.6212857365608215,0.85114586353302,128
Tanzania,switch_insurance,basis,0.2149481475353241,-0.28962719440460205,0.7708216309547424,0.2676701545715332,0.22927989065647125,0.3204784095287323,128
Tanzania,switch_insurance,loading,-0.00075969856698066,-0.09722842276096344,0.0854177474975586,0.006570494268089533,0.0050809611566364765,0.008420594967901707,128
Tanzania,switch_insurance,theta,0.0,0.0,0.0,0.0,0.0,0.0,128
Tanzania,d_pbelow_insurance,t,0.0,0.0,0.0,0.0,0.0,0.0,128
Tanzania,d_pbelow_insurance,lam,0.0,0.0,0.0,0.0,0.0,0.0,128
Tanzania,d_pbelow_insurance,f,0.0,0.0,0.0,0.0,0.0,0.0,128
Tanzania,d_pbelow_insurance,f_both,0.0,0.0,0.0,0.0,0.0,0.0,128
Tanzania,d_pbelow_insurance,trigger,0.32150304317474365,0.10444804280996323,0.5489460825920105,0.7079753875732422,0.5362684726715088,0.8881188631057739,128
Tanzania,d_pbelow_insurance,basis,0.04207414388656616,-0.11417549103498459,0.21572040021419525,0.32045742869377136,0.22262617945671082,0.4203996956348419,128
Tanzania,d_pbelow_insurance,loading,0.013190698809921741,-0.054464325308799744,0.08594316989183426,0.061022430658340454,0.02106487564742565,0.11441612243652344,128
Tanzania,d_pbelow_insurance,theta,0.05737624317407608,-0.13231754302978516,0.2572476267814636,0.43358638882637024,0.33616217970848083,0.5456517338752747,128
Tanzania,d_expinc_insurance,t,0.0,0.0,0.0,0.0,0.0,0.0,128
Tanzania,d_expinc_insurance,lam,0.0,0.0,0.0,0.0,0.0,0.0,128
Tanzania,d_expinc_insurance,f,0.0,0.0,0.0,0.0,0.0,0.0,128
Tanzania,d_expinc_insurance,f_both,0.0,0.0,0.0,0.0,0.0,0.0,128
Tanzania,d_expinc_insurance,trigger,0.8061981797218323,0.3549574911594391,1.227689266204834,0.8162885308265686,0.6786652207374573,0.9551692008972168,128
Tanzania,d_expinc_insurance,basis,0.14573144912719727,-0.04883389547467232,0.33732661604881287,0.18677297234535217,0.15184491872787476,0.22460432350635529,128
Tanzania,d_expinc_insurance,loading,0.03342561423778534,-0.021151648834347725,0.10725663602352142,0.018287871032953262,0.012787476181983948,0.02493438497185707,128
Tanzania,d_expinc_insurance,theta,0.0,0.0,0.0,0.0,0.0,0.0,128
Tanzania,pd_insurance,t,0.0,0.0,0.0,0.0,0.0,0.0,128
Tanzania,pd_insurance,lam,0.0,0.0,0.0,0.0,0.0,0.0,128
Tanzania,pd_insurance,f,0.0,0.0,0.0,0.0,0.0,0.0,128
Tanzania,pd_insurance,f_both,0.0,0.0,0.0,0.0,0.0,0.0,128
Tanzania,pd_insurance,trigger,-0.0020133021753281355,-0.12856771051883698,0.003113923594355583,0.17781288921833038,0.007336490321904421,0.3571301996707916,128
Tanzania,pd_insurance,basis,-0.0016695616068318486,-0.10013587772846222,0.0012055893894284964,0.02810852602124214,0.004708786029368639,0.18819966912269592,128
Tanzania,pd_insurance,loading,1.2031257152557373,4.214596265228465e-05,3.0538129806518555,1.5187867879867554,0.3941332995891571,2.4030001163482666,128
Tanzania,pd_insurance,theta,0.0005092752980999649,-0.014964894391596317,0.0075927190482616425,0.7608050107955933,0.007258053869009018,1.2783766984939575,128
Tanzania,pdr_insurance,t,0.0,0.0,0.0,0.0,0.0,0.0,128
Tanzania,pdr_insurance,lam,0.0,0.0,0.0,0.0,0.0,0.0,128
Tanzania,pdr_insurance,f,0.0,0.0,0.0,0.0,0.0,0.0,128
Tanzania,pdr_insurance,f_both,0.0,0.0,0.0,0.0,0.0,0.0,128
Tanzania,pdr_insurance,trigger,-0.09045438468456268,-0.31879109144210815,0.12261975556612015,0.6063351035118103,0.49434879422187805,0.7404566407203674,128
Tanzania,pdr_insurance,basis,-0.03997354581952095,-0.14993470907211304,0.09952874481678009,0.25117841362953186,0.15273456275463104,0.40300288796424866,128
Tanzania,pdr_insurance,loading,0.036697112023830414,-0.036151181906461716,0.15247707068920135,0.06672614812850952,0.014078195206820965,0.1640116423368454,128
Tanzania,pdr_insurance,theta,0.12248766422271729,-0.06402720510959625,0.3237311840057373,0.5199064612388611,0.37051254510879517,0.6880492568016052,128
Tanzania,switch_both,t,0.0,0.0,0.0,0.0,0.0,0.0,128
Tanzania,switch_both,lam,0.0,0.0,0.0,0.0,0.0,0.0,128
Tanzania,switch_both,f,0.0,0.0,0.0,0.0,0.0,0.0,128
Tanzania,switch_both,f_both,0.2817310094833374,-0.4812687337398529,1.1128126382827759,0.2985866963863373,0.22563837468624115,0.3924800157546997,128
Tanzania,switch_both,trigger,0.6558408737182617,-0.3468359112739563,1.6680622100830078,0.6268376708030701,0.5206700563430786,0.7600216865539551,128
Tanzania,switch_both,basis,0.02103515900671482,-0.46874257922172546,0.5417414903640747,0.1351136863231659,0.09725066274404526,0.17699028551578522,128
Tanzania,switch_both,loading,-0.008437852375209332,-0.09311588108539581,0.06984061002731323,0.0037323543801903725,0.002826775424182415,0.0052560423500835896,128
Tanzania,switch_both,theta,0.0,0.0,0.0,0.0,0.0,0.0,128
Tanzania,d_pbelow_both,t,0.0,0.0,0.0,0.0,0.0,0.0,128
Tanzania,d_pbelow_both,lam,0.0,0.0,0.0,0.0,0.0,0.0,128
Tanzania,d_pbelow_both,f,0.0,0.0,0.0,0.0,0.0,0.0,128
Tanzania,d_pbelow_both,f_both,0.11579397320747375,-0.05598054453730583,0.31989407539367676,0.30664321780204773,0.1751863658428192,0.42262279987335205,128
Tanzania,d_pbelow_both,trigger,0.3101433217525482,-0.01855085976421833,0.6299273371696472,0.7006442546844482,0.5009676814079285,0.9098927974700928,128
Tanzania,d_pbelow_both,basis,-0.03629797697067261,-0.22058068215847015,0.14000457525253296,0.16627366840839386,0.08310092240571976,0.25250697135925293,128
Tanzania,d_pbelow_both,loading,-0.012533703818917274,-0.0407802015542984,0.01023781392723322,0.03958407789468765,0.004957183729857206,0.0828724354505539,128
Tanzania,d_pbelow_both,theta,0.07034455984830856,-0.19658111035823822,0.3476591408252716,0.4792751967906952,0.3816327154636383,0.6010900735855103,128
Tanzania,d_expinc_both,t,0.0,0.0,0.0,0.0,0.0,0.0,128
Tanzania,d_expinc_both,lam,0.0,0.0,0.0,0.0,0.0,0.0,128
Tanzania,d_expinc_both,f,0.0,0.0,0.0,0.0,0.0,0.0,128
Tanzania,d_expinc_both,f_both,0.018297981470823288,-0.10550551861524582,0.16018927097320557,0.053379517048597336,0.04112733528017998,0.0674506202340126,128
Tanzania,d_expinc_both,trigger,0.876606822013855,0.34840506315231323,1.3535414934158325,0.9030289053916931,0.7620373964309692,1.0462960004806519,128
Tanzania,d_expinc_both,basis,0.06255490332841873,-0.1469930112361908,0.2658444046974182,0.12585628032684326,0.09485813230276108,0.15779493749141693,128
Tanzania,d_expinc_both,loading,0.04104500263929367,-0.04635898768901825,0.11894555389881134,0.01769760437309742,0.010877960361540318,0.025606822222471237,128
Tanzania,d_expinc_both,theta,0.0,0.0,0.0,0.0,0.0,0.0,128
Tanzania,pd_both,t,0.0,0.0,0.0,0.0,0.0,0.0,128
Tanzania,pd_both,lam,0.0,0.0,0.0,0.0,0.0,0.0,128
Tanzania,pd_both,f,0.0,0.0,0.0,0.0,0.0,0.0,128
Tanzania,pd_both,f_both,0.2389841377735138,-0.009669546037912369,0.6189395189285278,0.6550738215446472,0.3850209414958954,1.125382661819458,128
Tanzania,pd_both,trigger,0.07723374664783478,-0.06658286601305008,0.2513618767261505,0.4120575785636902,0.2530021667480469,0.6638694405555725,128
Tanzania,pd_both,basis,0.005117810331285,-0.08176298439502716,0.1239655539393425,0.3818793296813965,0.15876521170139313,0.5570736527442932,128
Tanzania,pd_both,loading,0.07039111107587814,-0.06042294204235077,0.283594012260437,0.5239706635475159,0.3108924329280853,0.7141323685646057,128
Tanzania,pd_both,theta,0.1231469064950943,-0.10945802181959152,0.4073760211467743,0.6194381713867188,0.3626413941383362,0.9282851219177246,128
Tanzania,pdr_both,t,0.0,0.0,0.0,0.0,0.0,0.0,128
Tanzania,pdr_both,lam,0.0,0.0,0.0,0.0,0.0,0.0,128
Tanzania,pdr_both,f,0.0,0.0,0.0,0.0,0.0,0.0,128
Tanzania,pdr_both,f_both,0.10593995451927185,-0.055188678205013275,0.29220980405807495,0.3033904731273651,0.18936143815517426,0.4321627914905548,128
Tanzania,pdr_both,trigger,0.17116504907608032,-0.12215303629636765,0.4626830816268921,0.7322672009468079,0.5956962704658508,0.8988974094390869,128
Tanzania,pdr_both,basis,-0.028547998517751694,-0.14423823356628418,0.05991709604859352,0.13788236677646637,0.0602581612765789,0.23369291424751282,128
Tanzania,pdr_both,loading,-0.002592001110315323,-0.01121507491916418,0.003966201562434435,0.012469150125980377,0.0019355162512511015,0.02475757524371147,128
Tanzania,pdr_both,theta,0.1399172991514206,-0.07326214015483856,0.3617277443408966,0.632110595703125,0.403136670589447,0.8925989866256714,128
Tanzania,headline_ratio,t,0.9656333923339844,0.4279831051826477,1.5578522682189941,0.9767131805419922,0.8739551305770874,1.093875527381897,128
Tanzania,headline_ratio,lam,0.10807054489850998,-0.053248532116413116,0.31246787309646606,0.18416424095630646,0.12153364717960358,0.26400426030158997,128
Tanzania,headline_ratio,f,0.0,0.0,0.0,0.0,0.0,0.0,128
Tanzania,headline_ratio,f_both,0.0,0.0,0.0,0.0,0.0,0.0,128
Tanzania,headline_ratio,trigger,0.0,0.0,0.0,0.0,0.0,0.0,128
Tanzania,headline_ratio,basis,0.0,0.0,0.0,0.0,0.0,0.0,128
Tanzania,headline_ratio,loading,0.0,0.0,0.0,0.0,0.0,0.0,128
Tanzania,headline_ratio,theta,0.0,0.0,0.0,0.0,0.0,0.0,128
Tanzania,sn_better,t,0.0,0.0,0.0,0.0,0.0,0.0,128
Tanzania,sn_better,lam,0.0,0.0,0.0,0.0,0.0,0.0,128
Tanzania,sn_better,f,0.0,-0.27370011839264574,0.28541916006633966,0.5721153846153846,0.4466368973823102,0.713923247444018,128
Tanzania,sn_better,f_both,0.0,0.0,0.0,0.0,0.0,0.0,128
Tanzania,sn_better,trigger,0.06538461538461539,-0.10372060741263216,0.2851817334575955,0.3923076923076923,0.2921061257821126,0.517760708041958,128
Tanzania,sn_better,basis,0.0,-0.12969810339155516,0.1585662000368554,0.16346153846153846,0.08332252448904286,0.24290396388596863,128
Tanzania,sn_better,loading,0.032692307692307694,-0.036297810362802496,0.1295487807391833,0.04903846153846154,0.0,0.09627376808939365,128
Tanzania,sn_better,theta,0.06538461538461539,-0.16942024288074745,0.34168498363775035,0.5721153846153846,0.45292355172635507,0.7200840996706085,128
Tanzania,pbelow_none,t,0.0,0.0,0.0,0.0,0.0,0.0,128
Tanzania,pbelow_none,lam,0.0,0.0,0.0,0.0,0.0,0.0,128
Tanzania,pbelow_none,f,0.0,0.0,0.0,0.0,0.0,0.0,128
Tanzania,pbelow_none,f_both,0.0,0.0,0.0,0.0,0.0,0.0,128
Tanzania,pbelow_none,trigger,0.0,0.0,0.0,0.0,0.0,0.0,128
Tanzania,pbelow_none,basis,0.0,0.0,0.0,0.0,0.0,0.0,128
Tanzania,pbelow_none,loading,0.0,0.0,0.0,0.0,0.0,0.0,128
Tanzania,pbelow_none,theta,0.8074890971183777,-0.15384642779827118,1.6393481492996216,0.807494044303894,0.6891873478889465,0.9329522252082825,128
Uganda,switch_transfer,t,0.9932064414024353,0.4831179976463318,1.6505147218704224,0.9932392239570618,0.8559583425521851,1.1398342847824097,128
Uganda,switch_transfer,lam,0.0,0.0,0.0,0.0,0.0,0.0,128
Uganda,switch_transfer,f,0.0,0.0,0.0,0.0,0.0,0.0,128
Uganda,switch_transfer,f_both,0.0,0.0,0.0,0.0,0.0,0.0,128
Uganda,switch_transfer,trigger,0.0,0.0,0.0,0.0,0.0,0.0,128
Uganda,switch_transfer,basis,0.0,0.0,0.0,0.0,0.0,0.0,128
Uganda,switch_transfer,loading,0.0,0.0,0.0,0.0,0.0,0.0,128
Uganda,switch_transfer,theta,0.0,0.0,0.0,0.0,0.0,0.0,128
Uganda,d_pbelow_transfer,t,0.7181478142738342,0.3680781424045563,1.0447440147399902,0.8364840745925903,0.664070188999176,1.0507854223251343,128
Uganda,d_pbelow_transfer,lam,0.0,0.0,0.0,0.0,0.0,0.0,128
Uganda,d_pbelow_transfer,f,0.0,0.0,0.0,0.0,0.0,0.0,128
Uganda,d_pbelow_transfer,f_both,0.0,0.0,0.0,0.0,0.0,0.0,128
Uganda,d_pbelow_transfer,trigger,0.0,0.0,0.0,0.0,0.0,0.0,128
Uganda,d_pbelow_transfer,basis,0.0,0.0,0.0,0.0,0.0,0.0,128
Uganda,d_pbelow_transfer,loading,0.0,0.0,0.0,0.0,0.0,0.0,128
Uganda,d_pbelow_transfer,theta,0.22657978534698486,0.024682650342583656,0.45699799060821533,0.30414634943008423,0.2191557139158249,0.4365082085132599,128
Uganda,d_expinc_transfer,t,0.9934523701667786,0.5806067585945129,1.413480281829834,0.9934504628181458,0.8876048922538757,1.1425073146820068,128
Uganda,d_expinc_transfer,lam,0.0,0.0,0.0,0.0,0.0,0.0,128
Uganda,d_expinc_transfer,f,0.0,0.0,0.0,0.0,0.0,0.0,128
Uganda,d_expinc_transfer,f_both,0.0,0.0,0.0,0.0,0.0,0.0,128
Uganda,d_expinc_transfer,trigger,0.0,0.0,0.0,0.0,0.0,0.0,128
Uganda,d_expinc_transfer,basis,0.0,0.0,0.0,0.0,0.0,0.0,128
Uganda,d_expinc_transfer,loading,0.0,0.0,0.0,0.0,0.0,0.0,128
Uganda,d_expinc_transfer,theta,0.0,0.0,0.0,0.0,0.0,0.0,128
Uganda,switch_contraction,t,0.0,0.0,0.0,0.0,0.0,0.0,128
Uganda,switch_contraction,lam,0.9967589974403381,-0.1601051241159439,2.125610113143921,0.9973093271255493,0.8222675323486328,1.1282765865325928,128
Uganda,switch_contraction,f,0.0,0.0,0.0,0.0,0.0,0.0,128
Uganda,switch_contraction,f_both,0.0,0.0,0.0,0.0,0.0,0.0,128
Uganda,switch_contraction,trigger,0.0,0.0,0.0,0.0,0.0,0.0,128
Uganda,switch_contraction,basis,0.0,0.0,0.0,0.0,0.0,0.0,128
Uganda,switch_contraction,loading,0.0,0.0,0.0,0.0,0.0,0.0,128
Uganda,switch_contraction,theta,0.0,0.0,0.0,0.0,0.0,0.0,128
Uganda,d_pbelow_contraction,t,0.0,0.0,0.0,0.0,0.0,0.0,128
Uganda,d_pbelow_contraction,lam,0.3407876491546631,-0.09344254434108734,0.8604962229728699,0.40432223677635193,0.30050572752952576,0.5054688453674316,128
Uganda,d_pbelow_contraction,f,0.0,0.0,0.0,0.0,0.0,0.0,128
Uganda,d_pbelow_contraction,f_both,0.0,0.0,0.0,0.0,0.0,0.0,128
Uganda,d_pbelow_contraction,trigger,0.0,0.0,0.0,0.0,0.0,0.0,128
Uganda,d_pbelow_contraction,basis,0.0,0.0,0.0,0.0,0.0,0.0,128
Uganda,d_pbelow_contraction,loading,0.0,0.0,0.0,0.0,0.0,0.0,128
Uganda,d_pbelow_contraction,theta,0.39869436621665955,-0.13286690413951874,0.9117280840873718,0.5156355500221252,0.41833391785621643,0.6478380560874939,128
Uganda,d_expinc_contraction,t,0.0,0.0,0.0,0.0,0.0,0.0,128
Uganda,d_expinc_contraction,lam,0.9939397573471069,0.5207834243774414,1.5836948156356812,0.9940547347068787,0.8484687805175781,1.1454873085021973,128
Uganda,d_expinc_contraction,f,0.0,0.0,0.0,0.0,0.0,0.0,128
Uganda,d_expinc_contraction,f_both,0.0,0.0,0.0,0.0,0.0,0.0,128
Uganda,d_expinc_contraction,trigger,0.0,0.0,0.0,0.0,0.0,0.0,128
Uganda,d_expinc_contraction,basis,0.0,0.0,0.0,0.0,0.0,0.0,128
Uganda,d_expinc_contraction,loading,0.0,0.0,0.0,0.0,0.0,0.0,128
Uganda,d_expinc_contraction,theta,0.0,0.0,0.0,0.0,0.0,0.0,128
Uganda,switch_safety_net,t,0.0,0.0,0.0,0.0,0.0,0.0,128
Uganda,switch_safety_net,lam,0.0,0.0,0.0,0.0,0.0,0.0,128
Uganda,switch_safety_net,f,0.9957043528556824,0.09165570884943008,1.861592173576355,0.9962205290794373,0.8705234527587891,1.1268377304077148,128
Uganda,switch_safety_net,f_both,0.0,0.0,0.0,0.0,0.0,0.0,128
Uganda,switch_safety_net,trigger,0.0,0.0,0.0,0.0,0.0,0.0,128
Uganda,switch_safety_net,basis,0.0,0.0,0.0,0.0,0.0,0.0,128
Uganda,switch_safety_net,loading,0.0,0.0,0.0,0.0,0.0,0.0,128
Uganda,switch_safety_net,theta,0.0,0.0,0.0,0.0,0.0,0.0,128
Uganda,d_pbelow_safety_net,t,0.0,0.0,0.0,0.0,0.0,0.0,128
Uganda,d_pbelow_safety_net,lam,0.0,0.0,0.0,0.0,0.0,0.0,128
Uganda,d_pbelow_safety_net,f,0.4183724522590637,0.047043994069099426,0.7713541388511658,0.990127444267273,0.8111257553100586,1.251995325088501,128
Uganda,d_pbelow_safety_net,f_both,0.0,0.0,0.0,0.0,0.0,0.0,128
Uganda,d_pbelow_safety_net,trigger,0.0,0.0,0.0,0.0,0.0,0.0,128
Uganda,d_pbelow_safety_net,basis,0.0,0.0,0.0,0.0,0.0,0.0,128
Uganda,d_pbelow_safety_net,loading,0.0,0.0,0.0,0.0,0.0,0.0,128
Uganda,d_pbelow_safety_net,theta,0.01531327422708273,-0.2000320702791214,0.22837898135185242,0.36385250091552734,0.24658846855163574,0.4983540177345276,128
Uganda,d_expinc_safety_net,t,0.0,0.0,0.0,0.0,0.0,0.0,128
Uganda,d_expinc_safety_net,lam,0.0,0.0,0.0,0.0,0.0,0.0,128
Uganda,d_expinc_safety_net,f,0.9965230822563171,0.5747618079185486,1.4356145858764648,0.9965008497238159,0.8639670014381409,1.1192394495010376,128
Uganda,d_expinc_safety_net,f_both,0.0,0.0,0.0,0.0,0.0,0.0,128
Uganda,d_expinc_safety_net,trigger,0.0,0.0,0.0,0.0,0.0,0.0,128
Uganda,d_expinc_safety_net,basis,0.0,0.0,0.0,0.0,0.0,0.0,128
Uganda,d_expinc_safety_net,loading,0.0,0.0,0.0,0.0,0.0,0.0,128
Uganda,d_expinc_safety_net,theta,0.0,0.0,0.0,0.0,0.0,0.0,128
Uganda,pd_safety_net,t,0.0,0.0,0.0,0.0,0.0,0.0,128
Uganda,pd_safety_net,lam,0.0,0.0,0.0,0.0,0.0,0.0,128
Uganda,pd_safety_net,f,-0.07614322006702423,-0.36150917410850525,0.23923195898532867,0.7882094979286194,0.6609615683555603,0.9631906151771545,128
Uganda,pd_safety_net,f_both,0.0,0.0,0.0,0.0,0.0,0.0,128
Uganda,pd_safety_net,trigger,0.0,0.0,0.0,0.0,0.0,0.0,128
Uganda,pd_safety_net,basis,0.0,0.0,0.0,0.0,0.0,0.0,128
Uganda,pd_safety_net,loading,0.0,0.0,0.0,0.0,0.0,0.0,128
Uganda,pd_safety_net,theta,0.0868380069732666,-0.13695167005062103,0.3051992356777191,0.6525943279266357,0.418369859457016,0.8557440042495728,128
Uganda,pdr_safety_net,t,0.0,0.0,0.0,0.0,0.0,0.0,128
Uganda,pdr_safety_net,lam,0.0,0.0,0.0,0.0,0.0,0.0,128
Uganda,pdr_safety_net,f,-0.07614322006702423,-0.3566451072692871,0.18245987594127655,0.7882094979286194,0.6442912220954895,0.9456045627593994,128
Uganda,pdr_safety_net,f_both,0.0,0.0,0.0,0.0,0.0,0.0,128
Uganda,pdr_safety_net,trigger,0.0,0.0,0.0,0.0,0.0,0.0,128
Uganda,pdr_safety_net,basis,0.0,0.0,0.0,0.0,0.0,0.0,128
Uganda,pdr_safety_net,loading,0.0,0.0,0.0,0.0,0.0,0.0,128
Uganda,pdr_safety_net,theta,0.0868380069732666,-0.141485795378685,0.32844945788383484,0.6525943279266357,0.47100895643234253,0.8765036463737488,128
Uganda,switch_insurance,t,0.0,0.0,0.0,0.0,0.0,0.0,128
Uganda,switch_insurance,lam,0.0,0.0,0.0,0.0,0.0,0.0,128
Uganda,switch_insurance,f,0.0,0.0,0.0,0.0,0.0,0.0,128
Uganda,switch_insurance,f_both,0.0,0.0,0.0,0.0,0.0,0.0,128
Uganda,switch_insurance,trigger,0.8821327686309814,0.12305879592895508,1.8553602695465088,0.8249232172966003,0.7259562611579895,0.9847785234451294,128
Uganda,switch_insurance,basis,0.024618223309516907,-0.1847876012325287,0.2797228991985321,0.06209392845630646,0.04863029718399048,0.07714210450649261,128
Uganda,switch_insurance,loading,0.07345468550920486,-0.18439091742038727,0.36859509348869324,0.09371402859687805,0.07393547892570496,0.11613396555185318,128
Uganda,switch_insurance,theta,0.0,0.0,0.0,0.0,0.0,0.0,128
Uganda,d_pbelow_insurance,t,0.0,0.0,0.0,0.0,0.0,0.0,128
Uganda,d_pbelow_insurance,lam,0.0,0.0,0.0,0.0,0.0,0.0,128
Uganda,d_pbelow_insurance,f,0.0,0.0,0.0,0.0,0.0,0.0,128
Uganda,d_pbelow_insurance,f_both,0.0,0.0,0.0,0.0,0.0,0.0,128
Uganda,d_pbelow_insurance,trigger,0.27563172578811646,0.14392533898353577,0.4307677745819092,0.5663800239562988,0.42741769552230835,0.7228028774261475,128
Uganda,d_pbelow_insurance,basis,0.034781329333782196,-0.06093984097242355,0.1779858022928238,0.2297450304031372,0.1476471722126007,0.33707717061042786,128
Uganda,d_pbelow_insurance,loading,-0.009712736122310162,-0.06203122437000275,0.03589501604437828,0.07448970526456833,0.03780786320567131,0.12464632838964462,128
Uganda,d_pbelow_insurance,theta,0.3686334192752838,0.20535103976726532,0.5751706957817078,0.6524103283882141,0.528407871723175,0.8310507535934448,128
Uganda,d_expinc_insurance,t,0.0,0.0,0.0,0.0,0.0,0.0,128
Uganda,d_expinc_insurance,lam,0.0,0.0,0.0,0.0,0.0,0.0,128
Uganda,d_expinc_insurance,f,0.0,0.0,0.0,0.0,0.0,0.0,128
Uganda,d_expinc_insurance,f_both,0.0,0.0,0.0,0.0,0.0,0.0,128
Uganda,d_expinc_insurance,trigger,0.5824819207191467,0.18632546067237854,0.9774311780929565,0.686958909034729,0.5582496523857117,0.8406863808631897,128
Uganda,d_expinc_insurance,basis,0.09722729027271271,-0.07341672480106354,0.2844659388065338,0.11049462109804153,0.08503358066082001,0.13742312788963318,128
Uganda,d_expinc_insurance,loading,0.3039223551750183,0.03254951164126396,0.6448982954025269,0.3020647168159485,0.22907447814941406,0.4161810278892517,128
Uganda,d_expinc_insurance,theta,0.0,0.0,0.0,0.0,0.0,0.0,128
Uganda,pd_insurance,t,0.0,0.0,0.0,0.0,0.0,0.0,128
Uganda,pd_insurance,lam,0.0,0.0,0.0,0.0,0.0,0.0,128
Uganda,pd_insurance,f,0.0,0.0,0.0,0.0,0.0,0.0,128
Uganda,pd_insurance,f_both,0.0,0.0,0.0,0.0,0.0,0.0,128
Uganda,pd_insurance,trigger,-0.000919759797398001,-0.0365452840924263,0.019842147827148438,0.3887068033218384,0.0010966385016217828,7.4814558029174805,128
Uganda,pd_insurance,basis,-0.0009571446571499109,-0.030151089653372765,0.0048731183633208275,0.005140096414834261,0.0006673703901469707,0.09023245424032211,128
Uganda,pd_insurance,loading,-0.32272136211395264,-0.367923378944397,0.9103025197982788,0.10133197903633118,0.04813025891780853,1.0228816270828247,128
Uganda,pd_insurance,theta,0.007575701456516981,-0.010083065368235111,0.06956510245800018,0.16142971813678741,0.0032535200007259846,3.055121898651123,128
Uganda,pdr_insurance,t,0.0,0.0,0.0,0.0,0.0,0.0,128
Uganda,pdr_insurance,lam,0.0,0.0,0.0,0.0,0.0,0.0,128
Uganda,pdr_insurance,f,0.0,0.0,0.0,0.0,0.0,0.0,128
Uganda,pdr_insurance,f_both,0.0,0.0,0.0,0.0,0.0,0.0,128
Uganda,pdr_insurance,trigger,0.27176734805107117,0.13532009720802307,0.4091827869415283,0.48093265295028687,0.3929981291294098,0.5910877585411072,128
Uganda,pdr_insurance,basis,0.020048758015036583,-0.05275489389896393,0.09167363494634628,0.1312113106250763,0.09014863520860672,0.1821552962064743,128
Uganda,pdr_insurance,loading,0.007682976312935352,-0.03752707317471504,0.05153509974479675,0.06649575382471085,0.03938234597444534,0.09951133280992508,128
Uganda,pdr_insurance,theta,0.4570724368095398,0.24501532316207886,0.6498926281929016,0.7415429949760437,0.5970211029052734,0.8798061013221741,128
Uganda,switch_both,t,0.0,0.0,0.0,0.0,0.0,0.0,128
Uganda,switch_both,lam,0.0,0.0,0.0,0.0,0.0,0.0,128
Uganda,switch_both,f,0.0,0.0,0.0,0.0,0.0,0.0,128
Uganda,switch_both,f_both,0.5299947261810303,-0.40769559144973755,1.5168125629425049,0.5443790555000305,0.4387649595737457,0.6566191911697388,128
Uganda,switch_both,trigger,0.4344363510608673,-0.5128862857818604,1.2658331394195557,0.43170952796936035,0.3557647466659546,0.5227951407432556,128
Uganda,switch_both,basis,-0.019888022914528847,-0.243798166513443,0.21870966255664825,0.029492519795894623,0.02162241004407406,0.03904818743467331,128
Uganda,switch_both,loading,-0.004598895087838173,-0.23151278495788574,0.252018004655838,0.0261773020029068,0.019824311137199402,0.034568242728710175,128
Uganda,switch_both,theta,0.0,0.0,0.0,0.0,0.0,0.0,128
Uganda,d_pbelow_both,t,0.0,0.0,0.0,0.0,0.0,0.0,128
Uganda,d_pbelow_both,lam,0.0,0.0,0.0,0.0,0.0,0.0,128
Uganda,d_pbelow_both,f,0.0,0.0,0.0,0.0,0.0,0.0,128
Uganda,d_pbelow_both,f_both,0.35044464468955994,0.13326440751552582,0.5896116495132446,0.5836901664733887,0.4455109238624573,0.7274602651596069,128
Uganda,d_pbelow_both,trigger,0.08902634680271149,-0.12563417851924896,0.28228041529655457,0.3915649354457855,0.26819416880607605,0.5300372838973999,128
Uganda,d_pbelow_both,basis,0.01893051713705063,-0.09615050256252289,0.1214345172047615,0.11333014070987701,0.05714685469865799,0.17400191724300385,128
Uganda,d_pbelow_both,loading,0.0796295553445816,-0.0030920940916985273,0.17652297019958496,0.06593963503837585,0.018734028562903404,0.1253093183040619,128
Uganda,d_pbelow_both,theta,0.16898851096630096,-0.043357256799936295,0.38855913281440735,0.4845617711544037,0.3538677394390106,0.5951730012893677,128
Uganda,d_expinc_both,t,0.0,0.0,0.0,0.0,0.0,0.0,128
Uganda,d_expinc_both,lam,0.0,0.0,0.0,0.0,0.0,0.0,128
Uganda,d_expinc_both,f,0.0,0.0,0.0,0.0,0.0,0.0,128
Uganda,d_expinc_both,f_both,0.7008178234100342,0.5482738018035889,0.8747774362564087,0.7352270483970642,0.6091703772544861,0.9009200930595398,128
Uganda,d_expinc_both,trigger,0.20636732876300812,0.12401212006807327,0.29114335775375366,0.2393096387386322,0.1915683001279831,0.29921939969062805,128
Uganda,d_expinc_both,basis,0.0047275288961827755,-0.026225324720144272,0.038088683038949966,0.025535758584737778,0.018451035022735596,0.034328337758779526,128
Uganda,d_expinc_both,loading,0.06952613592147827,0.022768305614590645,0.12059338390827179,0.06513135880231857,0.045780785381793976,0.0909283310174942,128
Uganda,d_expinc_both,theta,0.0,0.0,0.0,0.0,0.0,0.0,128
Uganda,pd_both,t,0.0,0.0,0.0,0.0,0.0,0.0,128
Uganda,pd_both,lam,0.0,0.0,0.0,0.0,0.0,0.0,128
Uganda,pd_both,f,0.0,0.0,0.0,0.0,0.0,0.0,128
Uganda,pd_both,f_both,0.18149612843990326,0.0022422082256525755,0.35008975863456726,0.5885754227638245,0.4459407925605774,0.7679514288902283,128
Uganda,pd_both,trigger,0.013300685212016106,-0.1894836574792862,0.19282689690589905,0.46694955229759216,0.3062123954296112,0.6816134452819824,128
Uganda,pd_both,basis,0.01808411255478859,-0.08228868991136551,0.12849539518356323,0.21239863336086273,0.06312277913093567,0.38765209913253784,128
Uganda,pd_both,loading,0.1615539789199829,0.05604952573776245,0.2795950174331665,0.17423203587532043,0.09728690981864929,0.2635783851146698,128
Uganda,pd_both,theta,0.27707064151763916,0.09058322012424469,0.5269353985786438,0.7141869068145752,0.45004919171333313,1.0359880924224854,128
Uganda,pdr_both,t,0.0,0.0,0.0,0.0,0.0,0.0,128
Uganda,pdr_both,lam,0.0,0.0,0.0,0.0,0.0,0.0,128
Uganda,pdr_both,f,0.0,0.0,0.0,0.0,0.0,0.0,128
Uganda,pdr_both,f_both,0.2706982493400574,0.02007043920457363,0.4700566530227661,0.5880179405212402,0.4369077980518341,0.7171594500541687,128
Uganda,pdr_both,trigger,-0.11232900619506836,-0.32854846119880676,0.07660846412181854,0.41328197717666626,0.30100017786026,0.5280386209487915,128
Uganda,pdr_both,basis,-0.017370672896504402,-0.08485755324363708,0.040717631578445435,0.06195948272943497,0.0336744450032711,0.09327549487352371,128
Uganda,pdr_both,loading,0.07321292161941528,-0.0011236569844186306,0.1659446805715561,0.06343380361795425,0.012662465684115887,0.1259462535381317,128
Uganda,pdr_both,theta,0.208256796002388,0.017551636323332787,0.3745252192020416,0.558970034122467,0.39756399393081665,0.703508734703064,128
Uganda,headline_ratio,t,0.9939334988594055,0.3614580035209656,1.680437684059143,1.075896978378296,0.9302710890769958,1.2294296026229858,128
Uganda,headline_ratio,lam,0.08042629808187485,-0.06968045979738235,0.26981449127197266,0.15574292838573456,0.09946995228528976,0.24130019545555115,128
Uganda,headline_ratio,f,0.0,0.0,0.0,0.0,0.0,0.0,128
Uganda,headline_ratio,f_both,0.0,0.0,0.0,0.0,0.0,0.0,128
Uganda,headline_ratio,trigger,0.0,0.0,0.0,0.0,0.0,0.0,128
Uganda,headline_ratio,basis,0.0,0.0,0.0,0.0,0.0,0.0,128
Uganda,headline_ratio,loading,0.0,0.0,0.0,0.0,0.0,0.0,128
Uganda,headline_ratio,theta,0.0,0.0,0.0,0.0,0.0,0.0,128
Uganda,sn_better,t,0.0,0.0,0.0,0.0,0.0,0.0,128
Uganda,sn_better,lam,0.0,0.0,0.0,0.0,0.0,0.0,128
Uganda,sn_better,f,-0.06293965198074787,-0.4989876302083333,0.3082004854149373,0.6608663457978526,0.45179085816007275,0.9041213220111656,128
Uganda,sn_better,f_both,0.0,0.0,0.0,0.0,0.0,0.0,128
Uganda,sn_better,trigger,-0.06293965198074787,-0.4950781676446507,0.3380372445616347,0.503517215845983,0.3308229140126507,0.7330894412161373,128
Uganda,sn_better,basis,-0.06293965198074787,-0.42211458841058136,0.22021227760969236,0.28322843391336544,0.15488771714788827,0.4505512352539692,128
Uganda,sn_better,loading,-0.1888189559422436,-0.42705146006121647,-0.05187291777196769,0.15734912995186967,0.05191896569276188,0.3122857464697208,128
Uganda,sn_better,theta,-0.503517215845983,-1.136179906542056,0.0,0.9126249537208441,0.6756355739838382,1.2128006522625356,128
Uganda,pbelow_none,t,0.0,0.0,0.0,0.0,0.0,0.0,128
Uganda,pbelow_none,lam,0.0,0.0,0.0,0.0,0.0,0.0,128
Uganda,pbelow_none,f,0.0,0.0,0.0,0.0,0.0,0.0,128
Uganda,pbelow_none,f_both,0.0,0.0,0.0,0.0,0.0,0.0,128
Uganda,pbelow_none,trigger,0.0,0.0,0.0,0.0,0.0,0.0,128
Uganda,pbelow_none,basis,0.0,0.0,0.0,0.0,0.0,0.0,128
Uganda,pbelow_none,loading,0.0,0.0,0.0,0.0,0.0,0.0,128
Uganda,pbelow_none,theta,0.8066658973693848,-1.17390775680542,2.2140064239501953,0.8066558837890625,0.6950094103813171,0.9553644061088562,128
